[2026-09-15T10:11:00.340+0000] {processor.py:161} INFO - Started process (PID=51) to work on /opt/airflow/dags/daily_report.py
[2026-09-15T10:11:00.342+0000] {processor.py:830} INFO - Processing file /opt/airflow/dags/daily_report.py for tasks to queue
[2026-09-15T10:11:00.344+0000] {logging_mixin.py:188} INFO - [2026-09-15T10:11:00.344+0000] {dagbag.py:545} INFO - Filling up the DagBag from /opt/airflow/dags/daily_report.py
[2026-09-15T10:11:00.385+0000] {processor.py:840} INFO - DAG(s) 'daily_report' retrieved from /opt/airflow/dags/daily_report.py
[2026-09-15T10:11:00.640+0000] {logging_mixin.py:188} INFO - [2026-09-15T10:11:00.639+0000] {override.py:1829} INFO - Created Permission View: can edit on DAG:daily_report
[2026-09-15T10:11:00.651+0000] {logging_mixin.py:188} INFO - [2026-09-15T10:11:00.650+0000] {override.py:1829} INFO - Created Permission View: can delete on DAG:daily_report
[2026-09-15T10:11:00.658+0000] {logging_mixin.py:188} INFO - [2026-09-15T10:11:00.658+0000] {override.py:1829} INFO - Created Permission View: can read on DAG:daily_report
[2026-09-15T10:11:00.659+0000] {logging_mixin.py:188} INFO - [2026-09-15T10:11:00.659+0000] {dag.py:3096} INFO - Sync 1 DAGs
[2026-09-15T10:11:00.670+0000] {logging_mixin.py:188} INFO - [2026-09-15T10:11:00.669+0000] {dag.py:3118} INFO - Creating ORM DAG for daily_report
[2026-09-15T10:11:00.681+0000] {logging_mixin.py:188} INFO - [2026-09-15T10:11:00.681+0000] {dag.py:3954} INFO - Setting next_dagrun for daily_report to 2026-09-15 06:00:00+00:00, run_after=2026-09-16 06:00:00+00:00
[2026-09-15T10:11:00.699+0000] {processor.py:183} INFO - Processing /opt/airflow/dags/daily_report.py took 0.363 seconds
[2026-09-15T10:11:31.589+0000] {processor.py:161} INFO - Started process (PID=65) to work on /opt/airflow/dags/daily_report.py
[2026-09-15T10:11:31.591+0000] {processor.py:830} INFO - Processing file /opt/airflow/dags/daily_report.py for tasks to queue
[2026-09-15T10:11:31.593+0000] {logging_mixin.py:188} INFO - [2026-09-15T10:11:31.593+0000] {dagbag.py:545} INFO - Filling up the DagBag from /opt/airflow/dags/daily_report.py
[2026-09-15T10:11:31.613+0000] {processor.py:840} INFO - DAG(s) 'daily_report' retrieved from /opt/airflow/dags/daily_report.py
[2026-09-15T10:11:31.637+0000] {logging_mixin.py:188} INFO - [2026-09-15T10:11:31.637+0000] {dag.py:3096} INFO - Sync 1 DAGs
[2026-09-15T10:11:31.657+0000] {logging_mixin.py:188} INFO - [2026-09-15T10:11:31.657+0000] {dag.py:3954} INFO - Setting next_dagrun for daily_report to 2026-09-15 06:00:00+00:00, run_after=2026-09-16 06:00:00+00:00
[2026-09-15T10:11:31.674+0000] {processor.py:183} INFO - Processing /opt/airflow/dags/daily_report.py took 0.090 seconds
[2026-09-15T10:12:01.868+0000] {processor.py:161} INFO - Started process (PID=73) to work on /opt/airflow/dags/daily_report.py
[2026-09-15T10:12:01.869+0000] {processor.py:830} INFO - Processing file /opt/airflow/dags/daily_report.py for tasks to queue
[2026-09-15T10:12:01.872+0000] {logging_mixin.py:188} INFO - [2026-09-15T10:12:01.871+0000] {dagbag.py:545} INFO - Filling up the DagBag from /opt/airflow/dags/daily_report.py
[2026-09-15T10:12:01.895+0000] {processor.py:840} INFO - DAG(s) 'daily_report' retrieved from /opt/airflow/dags/daily_report.py
[2026-09-15T10:12:01.923+0000] {logging_mixin.py:188} INFO - [2026-09-15T10:12:01.922+0000] {dag.py:3096} INFO - Sync 1 DAGs
[2026-09-15T10:12:01.943+0000] {logging_mixin.py:188} INFO - [2026-09-15T10:12:01.943+0000] {dag.py:3954} INFO - Setting next_dagrun for daily_report to 2026-09-15 06:00:00+00:00, run_after=2026-09-16 06:00:00+00:00
[2026-09-15T10:12:01.964+0000] {processor.py:183} INFO - Processing /opt/airflow/dags/daily_report.py took 0.102 seconds
[2026-09-15T10:12:32.154+0000] {processor.py:161} INFO - Started process (PID=81) to work on /opt/airflow/dags/daily_report.py
[2026-09-15T10:12:32.155+0000] {processor.py:830} INFO - Processing file /opt/airflow/dags/daily_report.py for tasks to queue
[2026-09-15T10:12:32.157+0000] {logging_mixin.py:188} INFO - [2026-09-15T10:12:32.157+0000] {dagbag.py:545} INFO - Filling up the DagBag from /opt/airflow/dags/daily_report.py
[2026-09-15T10:12:32.177+0000] {processor.py:840} INFO - DAG(s) 'daily_report' retrieved from /opt/airflow/dags/daily_report.py
[2026-09-15T10:12:32.208+0000] {logging_mixin.py:188} INFO - [2026-09-15T10:12:32.208+0000] {dag.py:3096} INFO - Sync 1 DAGs
[2026-09-15T10:12:32.231+0000] {logging_mixin.py:188} INFO - [2026-09-15T10:12:32.231+0000] {dag.py:3954} INFO - Setting next_dagrun for daily_report to 2026-09-15 06:00:00+00:00, run_after=2026-09-16 06:00:00+00:00
[2026-09-15T10:12:32.254+0000] {processor.py:183} INFO - Processing /opt/airflow/dags/daily_report.py took 0.103 seconds
[2026-09-15T10:13:02.453+0000] {processor.py:161} INFO - Started process (PID=89) to work on /opt/airflow/dags/daily_report.py
[2026-09-15T10:13:02.454+0000] {processor.py:830} INFO - Processing file /opt/airflow/dags/daily_report.py for tasks to queue
[2026-09-15T10:13:02.457+0000] {logging_mixin.py:188} INFO - [2026-09-15T10:13:02.456+0000] {dagbag.py:545} INFO - Filling up the DagBag from /opt/airflow/dags/daily_report.py
[2026-09-15T10:13:02.474+0000] {processor.py:840} INFO - DAG(s) 'daily_report' retrieved from /opt/airflow/dags/daily_report.py
[2026-09-15T10:13:02.498+0000] {logging_mixin.py:188} INFO - [2026-09-15T10:13:02.498+0000] {dag.py:3096} INFO - Sync 1 DAGs
[2026-09-15T10:13:02.517+0000] {logging_mixin.py:188} INFO - [2026-09-15T10:13:02.517+0000] {dag.py:3954} INFO - Setting next_dagrun for daily_report to 2026-09-15 06:00:00+00:00, run_after=2026-09-16 06:00:00+00:00
[2026-09-15T10:13:02.541+0000] {processor.py:183} INFO - Processing /opt/airflow/dags/daily_report.py took 0.093 seconds
[2026-09-15T10:13:32.672+0000] {processor.py:161} INFO - Started process (PID=97) to work on /opt/airflow/dags/daily_report.py
[2026-09-15T10:13:32.674+0000] {processor.py:830} INFO - Processing file /opt/airflow/dags/daily_report.py for tasks to queue
[2026-09-15T10:13:32.677+0000] {logging_mixin.py:188} INFO - [2026-09-15T10:13:32.676+0000] {dagbag.py:545} INFO - Filling up the DagBag from /opt/airflow/dags/daily_report.py
[2026-09-15T10:13:32.698+0000] {processor.py:840} INFO - DAG(s) 'daily_report' retrieved from /opt/airflow/dags/daily_report.py
[2026-09-15T10:13:32.726+0000] {logging_mixin.py:188} INFO - [2026-09-15T10:13:32.725+0000] {dag.py:3096} INFO - Sync 1 DAGs
[2026-09-15T10:13:32.750+0000] {logging_mixin.py:188} INFO - [2026-09-15T10:13:32.749+0000] {dag.py:3954} INFO - Setting next_dagrun for daily_report to 2026-09-15 06:00:00+00:00, run_after=2026-09-16 06:00:00+00:00
[2026-09-15T10:13:32.771+0000] {processor.py:183} INFO - Processing /opt/airflow/dags/daily_report.py took 0.105 seconds
[2026-09-15T10:14:02.965+0000] {processor.py:161} INFO - Started process (PID=105) to work on /opt/airflow/dags/daily_report.py
[2026-09-15T10:14:02.966+0000] {processor.py:830} INFO - Processing file /opt/airflow/dags/daily_report.py for tasks to queue
[2026-09-15T10:14:02.968+0000] {logging_mixin.py:188} INFO - [2026-09-15T10:14:02.968+0000] {dagbag.py:545} INFO - Filling up the DagBag from /opt/airflow/dags/daily_report.py
[2026-09-15T10:14:02.987+0000] {processor.py:840} INFO - DAG(s) 'daily_report' retrieved from /opt/airflow/dags/daily_report.py
[2026-09-15T10:14:03.010+0000] {logging_mixin.py:188} INFO - [2026-09-15T10:14:03.010+0000] {dag.py:3096} INFO - Sync 1 DAGs
[2026-09-15T10:14:03.029+0000] {logging_mixin.py:188} INFO - [2026-09-15T10:14:03.029+0000] {dag.py:3954} INFO - Setting next_dagrun for daily_report to 2026-09-15 06:00:00+00:00, run_after=2026-09-16 06:00:00+00:00
[2026-09-15T10:14:03.050+0000] {processor.py:183} INFO - Processing /opt/airflow/dags/daily_report.py took 0.091 seconds
[2026-09-15T10:14:33.175+0000] {processor.py:161} INFO - Started process (PID=113) to work on /opt/airflow/dags/daily_report.py
[2026-09-15T10:14:33.177+0000] {processor.py:830} INFO - Processing file /opt/airflow/dags/daily_report.py for tasks to queue
[2026-09-15T10:14:33.180+0000] {logging_mixin.py:188} INFO - [2026-09-15T10:14:33.179+0000] {dagbag.py:545} INFO - Filling up the DagBag from /opt/airflow/dags/daily_report.py
[2026-09-15T10:14:33.199+0000] {processor.py:840} INFO - DAG(s) 'daily_report' retrieved from /opt/airflow/dags/daily_report.py
[2026-09-15T10:14:33.227+0000] {logging_mixin.py:188} INFO - [2026-09-15T10:14:33.227+0000] {dag.py:3096} INFO - Sync 1 DAGs
[2026-09-15T10:14:33.244+0000] {logging_mixin.py:188} INFO - [2026-09-15T10:14:33.244+0000] {dag.py:3954} INFO - Setting next_dagrun for daily_report to 2026-09-15 06:00:00+00:00, run_after=2026-09-16 06:00:00+00:00
[2026-09-15T10:14:33.260+0000] {processor.py:183} INFO - Processing /opt/airflow/dags/daily_report.py took 0.090 seconds
[2026-09-15T10:15:03.454+0000] {processor.py:161} INFO - Started process (PID=121) to work on /opt/airflow/dags/daily_report.py
[2026-09-15T10:15:03.456+0000] {processor.py:830} INFO - Processing file /opt/airflow/dags/daily_report.py for tasks to queue
[2026-09-15T10:15:03.458+0000] {logging_mixin.py:188} INFO - [2026-09-15T10:15:03.458+0000] {dagbag.py:545} INFO - Filling up the DagBag from /opt/airflow/dags/daily_report.py
[2026-09-15T10:15:03.483+0000] {processor.py:840} INFO - DAG(s) 'daily_report' retrieved from /opt/airflow/dags/daily_report.py
[2026-09-15T10:15:03.520+0000] {logging_mixin.py:188} INFO - [2026-09-15T10:15:03.519+0000] {dag.py:3096} INFO - Sync 1 DAGs
[2026-09-15T10:15:03.542+0000] {logging_mixin.py:188} INFO - [2026-09-15T10:15:03.542+0000] {dag.py:3954} INFO - Setting next_dagrun for daily_report to 2026-09-15 06:00:00+00:00, run_after=2026-09-16 06:00:00+00:00
[2026-09-15T10:15:03.562+0000] {processor.py:183} INFO - Processing /opt/airflow/dags/daily_report.py took 0.114 seconds
[2026-09-15T10:15:33.700+0000] {processor.py:161} INFO - Started process (PID=129) to work on /opt/airflow/dags/daily_report.py
[2026-09-15T10:15:33.702+0000] {processor.py:830} INFO - Processing file /opt/airflow/dags/daily_report.py for tasks to queue
[2026-09-15T10:15:33.704+0000] {logging_mixin.py:188} INFO - [2026-09-15T10:15:33.704+0000] {dagbag.py:545} INFO - Filling up the DagBag from /opt/airflow/dags/daily_report.py
[2026-09-15T10:15:33.722+0000] {processor.py:840} INFO - DAG(s) 'daily_report' retrieved from /opt/airflow/dags/daily_report.py
[2026-09-15T10:15:33.744+0000] {logging_mixin.py:188} INFO - [2026-09-15T10:15:33.744+0000] {dag.py:3096} INFO - Sync 1 DAGs
[2026-09-15T10:15:33.763+0000] {logging_mixin.py:188} INFO - [2026-09-15T10:15:33.763+0000] {dag.py:3954} INFO - Setting next_dagrun for daily_report to 2026-09-15 06:00:00+00:00, run_after=2026-09-16 06:00:00+00:00
[2026-09-15T10:15:33.777+0000] {processor.py:183} INFO - Processing /opt/airflow/dags/daily_report.py took 0.081 seconds
[2026-09-15T10:16:03.985+0000] {processor.py:161} INFO - Started process (PID=137) to work on /opt/airflow/dags/daily_report.py
[2026-09-15T10:16:03.986+0000] {processor.py:830} INFO - Processing file /opt/airflow/dags/daily_report.py for tasks to queue
[2026-09-15T10:16:03.989+0000] {logging_mixin.py:188} INFO - [2026-09-15T10:16:03.988+0000] {dagbag.py:545} INFO - Filling up the DagBag from /opt/airflow/dags/daily_report.py
[2026-09-15T10:16:04.011+0000] {processor.py:840} INFO - DAG(s) 'daily_report' retrieved from /opt/airflow/dags/daily_report.py
[2026-09-15T10:16:04.037+0000] {logging_mixin.py:188} INFO - [2026-09-15T10:16:04.037+0000] {dag.py:3096} INFO - Sync 1 DAGs
[2026-09-15T10:16:04.056+0000] {logging_mixin.py:188} INFO - [2026-09-15T10:16:04.056+0000] {dag.py:3954} INFO - Setting next_dagrun for daily_report to 2026-09-15 06:00:00+00:00, run_after=2026-09-16 06:00:00+00:00
[2026-09-15T10:16:04.084+0000] {processor.py:183} INFO - Processing /opt/airflow/dags/daily_report.py took 0.106 seconds
[2026-09-15T10:16:34.286+0000] {processor.py:161} INFO - Started process (PID=145) to work on /opt/airflow/dags/daily_report.py
[2026-09-15T10:16:34.287+0000] {processor.py:830} INFO - Processing file /opt/airflow/dags/daily_report.py for tasks to queue
[2026-09-15T10:16:34.289+0000] {logging_mixin.py:188} INFO - [2026-09-15T10:16:34.289+0000] {dagbag.py:545} INFO - Filling up the DagBag from /opt/airflow/dags/daily_report.py
[2026-09-15T10:16:34.307+0000] {processor.py:840} INFO - DAG(s) 'daily_report' retrieved from /opt/airflow/dags/daily_report.py
[2026-09-15T10:16:34.331+0000] {logging_mixin.py:188} INFO - [2026-09-15T10:16:34.331+0000] {dag.py:3096} INFO - Sync 1 DAGs
[2026-09-15T10:16:34.349+0000] {logging_mixin.py:188} INFO - [2026-09-15T10:16:34.349+0000] {dag.py:3954} INFO - Setting next_dagrun for daily_report to 2026-09-15 06:00:00+00:00, run_after=2026-09-16 06:00:00+00:00
[2026-09-15T10:16:34.369+0000] {processor.py:183} INFO - Processing /opt/airflow/dags/daily_report.py took 0.088 seconds
[2026-09-15T10:17:04.561+0000] {processor.py:161} INFO - Started process (PID=153) to work on /opt/airflow/dags/daily_report.py
[2026-09-15T10:17:04.563+0000] {processor.py:830} INFO - Processing file /opt/airflow/dags/daily_report.py for tasks to queue
[2026-09-15T10:17:04.565+0000] {logging_mixin.py:188} INFO - [2026-09-15T10:17:04.565+0000] {dagbag.py:545} INFO - Filling up the DagBag from /opt/airflow/dags/daily_report.py
[2026-09-15T10:17:04.580+0000] {processor.py:840} INFO - DAG(s) 'daily_report' retrieved from /opt/airflow/dags/daily_report.py
[2026-09-15T10:17:04.603+0000] {logging_mixin.py:188} INFO - [2026-09-15T10:17:04.602+0000] {dag.py:3096} INFO - Sync 1 DAGs
[2026-09-15T10:17:04.619+0000] {logging_mixin.py:188} INFO - [2026-09-15T10:17:04.619+0000] {dag.py:3954} INFO - Setting next_dagrun for daily_report to 2026-09-15 06:00:00+00:00, run_after=2026-09-16 06:00:00+00:00
[2026-09-15T10:17:04.634+0000] {processor.py:183} INFO - Processing /opt/airflow/dags/daily_report.py took 0.076 seconds
[2026-09-15T10:17:34.809+0000] {processor.py:161} INFO - Started process (PID=161) to work on /opt/airflow/dags/daily_report.py
[2026-09-15T10:17:34.811+0000] {processor.py:830} INFO - Processing file /opt/airflow/dags/daily_report.py for tasks to queue
[2026-09-15T10:17:34.813+0000] {logging_mixin.py:188} INFO - [2026-09-15T10:17:34.812+0000] {dagbag.py:545} INFO - Filling up the DagBag from /opt/airflow/dags/daily_report.py
[2026-09-15T10:17:34.828+0000] {processor.py:840} INFO - DAG(s) 'daily_report' retrieved from /opt/airflow/dags/daily_report.py
[2026-09-15T10:17:34.849+0000] {logging_mixin.py:188} INFO - [2026-09-15T10:17:34.849+0000] {dag.py:3096} INFO - Sync 1 DAGs
[2026-09-15T10:17:34.866+0000] {logging_mixin.py:188} INFO - [2026-09-15T10:17:34.866+0000] {dag.py:3954} INFO - Setting next_dagrun for daily_report to 2026-09-15 06:00:00+00:00, run_after=2026-09-16 06:00:00+00:00
[2026-09-15T10:17:34.884+0000] {processor.py:183} INFO - Processing /opt/airflow/dags/daily_report.py took 0.078 seconds
[2026-09-15T10:18:05.014+0000] {processor.py:161} INFO - Started process (PID=169) to work on /opt/airflow/dags/daily_report.py
[2026-09-15T10:18:05.015+0000] {processor.py:830} INFO - Processing file /opt/airflow/dags/daily_report.py for tasks to queue
[2026-09-15T10:18:05.017+0000] {logging_mixin.py:188} INFO - [2026-09-15T10:18:05.017+0000] {dagbag.py:545} INFO - Filling up the DagBag from /opt/airflow/dags/daily_report.py
[2026-09-15T10:18:05.033+0000] {processor.py:840} INFO - DAG(s) 'daily_report' retrieved from /opt/airflow/dags/daily_report.py
[2026-09-15T10:18:05.056+0000] {logging_mixin.py:188} INFO - [2026-09-15T10:18:05.056+0000] {dag.py:3096} INFO - Sync 1 DAGs
[2026-09-15T10:18:05.070+0000] {logging_mixin.py:188} INFO - [2026-09-15T10:18:05.070+0000] {dag.py:3954} INFO - Setting next_dagrun for daily_report to 2026-09-15 06:00:00+00:00, run_after=2026-09-16 06:00:00+00:00
[2026-09-15T10:18:05.086+0000] {processor.py:183} INFO - Processing /opt/airflow/dags/daily_report.py took 0.076 seconds
[2026-09-15T10:18:35.269+0000] {processor.py:161} INFO - Started process (PID=177) to work on /opt/airflow/dags/daily_report.py
[2026-09-15T10:18:35.271+0000] {processor.py:830} INFO - Processing file /opt/airflow/dags/daily_report.py for tasks to queue
[2026-09-15T10:18:35.273+0000] {logging_mixin.py:188} INFO - [2026-09-15T10:18:35.272+0000] {dagbag.py:545} INFO - Filling up the DagBag from /opt/airflow/dags/daily_report.py
[2026-09-15T10:18:35.289+0000] {processor.py:840} INFO - DAG(s) 'daily_report' retrieved from /opt/airflow/dags/daily_report.py
[2026-09-15T10:18:35.311+0000] {logging_mixin.py:188} INFO - [2026-09-15T10:18:35.311+0000] {dag.py:3096} INFO - Sync 1 DAGs
[2026-09-15T10:18:35.327+0000] {logging_mixin.py:188} INFO - [2026-09-15T10:18:35.327+0000] {dag.py:3954} INFO - Setting next_dagrun for daily_report to 2026-09-15 06:00:00+00:00, run_after=2026-09-16 06:00:00+00:00
[2026-09-15T10:18:35.344+0000] {processor.py:183} INFO - Processing /opt/airflow/dags/daily_report.py took 0.079 seconds
[2026-09-15T10:19:05.532+0000] {processor.py:161} INFO - Started process (PID=185) to work on /opt/airflow/dags/daily_report.py
[2026-09-15T10:19:05.534+0000] {processor.py:830} INFO - Processing file /opt/airflow/dags/daily_report.py for tasks to queue
[2026-09-15T10:19:05.536+0000] {logging_mixin.py:188} INFO - [2026-09-15T10:19:05.536+0000] {dagbag.py:545} INFO - Filling up the DagBag from /opt/airflow/dags/daily_report.py
[2026-09-15T10:19:05.553+0000] {processor.py:840} INFO - DAG(s) 'daily_report' retrieved from /opt/airflow/dags/daily_report.py
[2026-09-15T10:19:05.574+0000] {logging_mixin.py:188} INFO - [2026-09-15T10:19:05.574+0000] {dag.py:3096} INFO - Sync 1 DAGs
[2026-09-15T10:19:05.590+0000] {logging_mixin.py:188} INFO - [2026-09-15T10:19:05.590+0000] {dag.py:3954} INFO - Setting next_dagrun for daily_report to 2026-09-15 06:00:00+00:00, run_after=2026-09-16 06:00:00+00:00
[2026-09-15T10:19:05.609+0000] {processor.py:183} INFO - Processing /opt/airflow/dags/daily_report.py took 0.080 seconds
[2026-09-15T10:19:35.799+0000] {processor.py:161} INFO - Started process (PID=193) to work on /opt/airflow/dags/daily_report.py
[2026-09-15T10:19:35.800+0000] {processor.py:830} INFO - Processing file /opt/airflow/dags/daily_report.py for tasks to queue
[2026-09-15T10:19:35.801+0000] {logging_mixin.py:188} INFO - [2026-09-15T10:19:35.801+0000] {dagbag.py:545} INFO - Filling up the DagBag from /opt/airflow/dags/daily_report.py
[2026-09-15T10:19:35.818+0000] {processor.py:840} INFO - DAG(s) 'daily_report' retrieved from /opt/airflow/dags/daily_report.py
[2026-09-15T10:19:35.843+0000] {logging_mixin.py:188} INFO - [2026-09-15T10:19:35.842+0000] {dag.py:3096} INFO - Sync 1 DAGs
[2026-09-15T10:19:35.861+0000] {logging_mixin.py:188} INFO - [2026-09-15T10:19:35.860+0000] {dag.py:3954} INFO - Setting next_dagrun for daily_report to 2026-09-15 06:00:00+00:00, run_after=2026-09-16 06:00:00+00:00
[2026-09-15T10:19:35.880+0000] {processor.py:183} INFO - Processing /opt/airflow/dags/daily_report.py took 0.086 seconds
[2026-09-15T10:20:06.001+0000] {processor.py:161} INFO - Started process (PID=201) to work on /opt/airflow/dags/daily_report.py
[2026-09-15T10:20:06.002+0000] {processor.py:830} INFO - Processing file /opt/airflow/dags/daily_report.py for tasks to queue
[2026-09-15T10:20:06.004+0000] {logging_mixin.py:188} INFO - [2026-09-15T10:20:06.003+0000] {dagbag.py:545} INFO - Filling up the DagBag from /opt/airflow/dags/daily_report.py
[2026-09-15T10:20:06.019+0000] {processor.py:840} INFO - DAG(s) 'daily_report' retrieved from /opt/airflow/dags/daily_report.py
[2026-09-15T10:20:06.042+0000] {logging_mixin.py:188} INFO - [2026-09-15T10:20:06.042+0000] {dag.py:3096} INFO - Sync 1 DAGs
[2026-09-15T10:20:06.060+0000] {logging_mixin.py:188} INFO - [2026-09-15T10:20:06.059+0000] {dag.py:3954} INFO - Setting next_dagrun for daily_report to 2026-09-15 06:00:00+00:00, run_after=2026-09-16 06:00:00+00:00
[2026-09-15T10:20:06.079+0000] {processor.py:183} INFO - Processing /opt/airflow/dags/daily_report.py took 0.082 seconds
[2026-09-15T10:20:36.265+0000] {processor.py:161} INFO - Started process (PID=209) to work on /opt/airflow/dags/daily_report.py
[2026-09-15T10:20:36.266+0000] {processor.py:830} INFO - Processing file /opt/airflow/dags/daily_report.py for tasks to queue
[2026-09-15T10:20:36.268+0000] {logging_mixin.py:188} INFO - [2026-09-15T10:20:36.268+0000] {dagbag.py:545} INFO - Filling up the DagBag from /opt/airflow/dags/daily_report.py
[2026-09-15T10:20:36.287+0000] {processor.py:840} INFO - DAG(s) 'daily_report' retrieved from /opt/airflow/dags/daily_report.py
[2026-09-15T10:20:36.314+0000] {logging_mixin.py:188} INFO - [2026-09-15T10:20:36.314+0000] {dag.py:3096} INFO - Sync 1 DAGs
[2026-09-15T10:20:36.334+0000] {logging_mixin.py:188} INFO - [2026-09-15T10:20:36.333+0000] {dag.py:3954} INFO - Setting next_dagrun for daily_report to 2026-09-15 06:00:00+00:00, run_after=2026-09-16 06:00:00+00:00
[2026-09-15T10:20:36.357+0000] {processor.py:183} INFO - Processing /opt/airflow/dags/daily_report.py took 0.098 seconds
[2026-09-15T10:21:06.555+0000] {processor.py:161} INFO - Started process (PID=217) to work on /opt/airflow/dags/daily_report.py
[2026-09-15T10:21:06.556+0000] {processor.py:830} INFO - Processing file /opt/airflow/dags/daily_report.py for tasks to queue
[2026-09-15T10:21:06.559+0000] {logging_mixin.py:188} INFO - [2026-09-15T10:21:06.559+0000] {dagbag.py:545} INFO - Filling up the DagBag from /opt/airflow/dags/daily_report.py
[2026-09-15T10:21:06.579+0000] {processor.py:840} INFO - DAG(s) 'daily_report' retrieved from /opt/airflow/dags/daily_report.py
[2026-09-15T10:21:06.605+0000] {logging_mixin.py:188} INFO - [2026-09-15T10:21:06.605+0000] {dag.py:3096} INFO - Sync 1 DAGs
[2026-09-15T10:21:06.627+0000] {logging_mixin.py:188} INFO - [2026-09-15T10:21:06.627+0000] {dag.py:3954} INFO - Setting next_dagrun for daily_report to 2026-09-15 06:00:00+00:00, run_after=2026-09-16 06:00:00+00:00
[2026-09-15T10:21:06.646+0000] {processor.py:183} INFO - Processing /opt/airflow/dags/daily_report.py took 0.096 seconds
[2026-09-15T10:21:36.841+0000] {processor.py:161} INFO - Started process (PID=225) to work on /opt/airflow/dags/daily_report.py
[2026-09-15T10:21:36.842+0000] {processor.py:830} INFO - Processing file /opt/airflow/dags/daily_report.py for tasks to queue
[2026-09-15T10:21:36.844+0000] {logging_mixin.py:188} INFO - [2026-09-15T10:21:36.843+0000] {dagbag.py:545} INFO - Filling up the DagBag from /opt/airflow/dags/daily_report.py
[2026-09-15T10:21:36.862+0000] {processor.py:840} INFO - DAG(s) 'daily_report' retrieved from /opt/airflow/dags/daily_report.py
[2026-09-15T10:21:36.886+0000] {logging_mixin.py:188} INFO - [2026-09-15T10:21:36.886+0000] {dag.py:3096} INFO - Sync 1 DAGs
[2026-09-15T10:21:36.902+0000] {logging_mixin.py:188} INFO - [2026-09-15T10:21:36.902+0000] {dag.py:3954} INFO - Setting next_dagrun for daily_report to 2026-09-15 06:00:00+00:00, run_after=2026-09-16 06:00:00+00:00
[2026-09-15T10:21:36.920+0000] {processor.py:183} INFO - Processing /opt/airflow/dags/daily_report.py took 0.083 seconds
[2026-09-15T10:22:07.041+0000] {processor.py:161} INFO - Started process (PID=233) to work on /opt/airflow/dags/daily_report.py
[2026-09-15T10:22:07.042+0000] {processor.py:830} INFO - Processing file /opt/airflow/dags/daily_report.py for tasks to queue
[2026-09-15T10:22:07.044+0000] {logging_mixin.py:188} INFO - [2026-09-15T10:22:07.044+0000] {dagbag.py:545} INFO - Filling up the DagBag from /opt/airflow/dags/daily_report.py
[2026-09-15T10:22:07.060+0000] {processor.py:840} INFO - DAG(s) 'daily_report' retrieved from /opt/airflow/dags/daily_report.py
[2026-09-15T10:22:07.082+0000] {logging_mixin.py:188} INFO - [2026-09-15T10:22:07.081+0000] {dag.py:3096} INFO - Sync 1 DAGs
[2026-09-15T10:22:07.099+0000] {logging_mixin.py:188} INFO - [2026-09-15T10:22:07.098+0000] {dag.py:3954} INFO - Setting next_dagrun for daily_report to 2026-09-15 06:00:00+00:00, run_after=2026-09-16 06:00:00+00:00
[2026-09-15T10:22:07.116+0000] {processor.py:183} INFO - Processing /opt/airflow/dags/daily_report.py took 0.079 seconds
[2026-09-15T10:22:37.299+0000] {processor.py:161} INFO - Started process (PID=241) to work on /opt/airflow/dags/daily_report.py
[2026-09-15T10:22:37.301+0000] {processor.py:830} INFO - Processing file /opt/airflow/dags/daily_report.py for tasks to queue
[2026-09-15T10:22:37.303+0000] {logging_mixin.py:188} INFO - [2026-09-15T10:22:37.302+0000] {dagbag.py:545} INFO - Filling up the DagBag from /opt/airflow/dags/daily_report.py
[2026-09-15T10:22:37.319+0000] {processor.py:840} INFO - DAG(s) 'daily_report' retrieved from /opt/airflow/dags/daily_report.py
[2026-09-15T10:22:37.341+0000] {logging_mixin.py:188} INFO - [2026-09-15T10:22:37.341+0000] {dag.py:3096} INFO - Sync 1 DAGs
[2026-09-15T10:22:37.359+0000] {logging_mixin.py:188} INFO - [2026-09-15T10:22:37.359+0000] {dag.py:3954} INFO - Setting next_dagrun for daily_report to 2026-09-15 06:00:00+00:00, run_after=2026-09-16 06:00:00+00:00
[2026-09-15T10:22:37.374+0000] {processor.py:183} INFO - Processing /opt/airflow/dags/daily_report.py took 0.078 seconds
[2026-09-15T10:23:07.550+0000] {processor.py:161} INFO - Started process (PID=249) to work on /opt/airflow/dags/daily_report.py
[2026-09-15T10:23:07.551+0000] {processor.py:830} INFO - Processing file /opt/airflow/dags/daily_report.py for tasks to queue
[2026-09-15T10:23:07.554+0000] {logging_mixin.py:188} INFO - [2026-09-15T10:23:07.553+0000] {dagbag.py:545} INFO - Filling up the DagBag from /opt/airflow/dags/daily_report.py
[2026-09-15T10:23:07.572+0000] {processor.py:840} INFO - DAG(s) 'daily_report' retrieved from /opt/airflow/dags/daily_report.py
[2026-09-15T10:23:07.600+0000] {logging_mixin.py:188} INFO - [2026-09-15T10:23:07.600+0000] {dag.py:3096} INFO - Sync 1 DAGs
[2026-09-15T10:23:07.619+0000] {logging_mixin.py:188} INFO - [2026-09-15T10:23:07.619+0000] {dag.py:3954} INFO - Setting next_dagrun for daily_report to 2026-09-15 06:00:00+00:00, run_after=2026-09-16 06:00:00+00:00
[2026-09-15T10:23:07.636+0000] {processor.py:183} INFO - Processing /opt/airflow/dags/daily_report.py took 0.091 seconds
[2026-09-15T10:23:37.775+0000] {processor.py:161} INFO - Started process (PID=257) to work on /opt/airflow/dags/daily_report.py
[2026-09-15T10:23:37.776+0000] {processor.py:830} INFO - Processing file /opt/airflow/dags/daily_report.py for tasks to queue
[2026-09-15T10:23:37.778+0000] {logging_mixin.py:188} INFO - [2026-09-15T10:23:37.778+0000] {dagbag.py:545} INFO - Filling up the DagBag from /opt/airflow/dags/daily_report.py
[2026-09-15T10:23:37.794+0000] {processor.py:840} INFO - DAG(s) 'daily_report' retrieved from /opt/airflow/dags/daily_report.py
[2026-09-15T10:23:37.823+0000] {logging_mixin.py:188} INFO - [2026-09-15T10:23:37.822+0000] {dag.py:3096} INFO - Sync 1 DAGs
[2026-09-15T10:23:37.843+0000] {logging_mixin.py:188} INFO - [2026-09-15T10:23:37.842+0000] {dag.py:3954} INFO - Setting next_dagrun for daily_report to 2026-09-15 06:00:00+00:00, run_after=2026-09-16 06:00:00+00:00
[2026-09-15T10:23:37.863+0000] {processor.py:183} INFO - Processing /opt/airflow/dags/daily_report.py took 0.092 seconds
[2026-09-15T10:24:08.051+0000] {processor.py:161} INFO - Started process (PID=265) to work on /opt/airflow/dags/daily_report.py
[2026-09-15T10:24:08.052+0000] {processor.py:830} INFO - Processing file /opt/airflow/dags/daily_report.py for tasks to queue
[2026-09-15T10:24:08.053+0000] {logging_mixin.py:188} INFO - [2026-09-15T10:24:08.053+0000] {dagbag.py:545} INFO - Filling up the DagBag from /opt/airflow/dags/daily_report.py
[2026-09-15T10:24:08.069+0000] {processor.py:840} INFO - DAG(s) 'daily_report' retrieved from /opt/airflow/dags/daily_report.py
[2026-09-15T10:24:08.091+0000] {logging_mixin.py:188} INFO - [2026-09-15T10:24:08.091+0000] {dag.py:3096} INFO - Sync 1 DAGs
[2026-09-15T10:24:08.107+0000] {logging_mixin.py:188} INFO - [2026-09-15T10:24:08.106+0000] {dag.py:3954} INFO - Setting next_dagrun for daily_report to 2026-09-15 06:00:00+00:00, run_after=2026-09-16 06:00:00+00:00
[2026-09-15T10:24:08.124+0000] {processor.py:183} INFO - Processing /opt/airflow/dags/daily_report.py took 0.078 seconds
[2026-09-15T10:24:38.316+0000] {processor.py:161} INFO - Started process (PID=273) to work on /opt/airflow/dags/daily_report.py
[2026-09-15T10:24:38.317+0000] {processor.py:830} INFO - Processing file /opt/airflow/dags/daily_report.py for tasks to queue
[2026-09-15T10:24:38.319+0000] {logging_mixin.py:188} INFO - [2026-09-15T10:24:38.319+0000] {dagbag.py:545} INFO - Filling up the DagBag from /opt/airflow/dags/daily_report.py
[2026-09-15T10:24:38.338+0000] {processor.py:840} INFO - DAG(s) 'daily_report' retrieved from /opt/airflow/dags/daily_report.py
[2026-09-15T10:24:38.369+0000] {logging_mixin.py:188} INFO - [2026-09-15T10:24:38.368+0000] {dag.py:3096} INFO - Sync 1 DAGs
[2026-09-15T10:24:38.392+0000] {logging_mixin.py:188} INFO - [2026-09-15T10:24:38.391+0000] {dag.py:3954} INFO - Setting next_dagrun for daily_report to 2026-09-15 06:00:00+00:00, run_after=2026-09-16 06:00:00+00:00
[2026-09-15T10:24:38.417+0000] {processor.py:183} INFO - Processing /opt/airflow/dags/daily_report.py took 0.106 seconds
[2026-09-15T10:25:08.526+0000] {processor.py:161} INFO - Started process (PID=281) to work on /opt/airflow/dags/daily_report.py
[2026-09-15T10:25:08.528+0000] {processor.py:830} INFO - Processing file /opt/airflow/dags/daily_report.py for tasks to queue
[2026-09-15T10:25:08.530+0000] {logging_mixin.py:188} INFO - [2026-09-15T10:25:08.529+0000] {dagbag.py:545} INFO - Filling up the DagBag from /opt/airflow/dags/daily_report.py
[2026-09-15T10:25:08.546+0000] {processor.py:840} INFO - DAG(s) 'daily_report' retrieved from /opt/airflow/dags/daily_report.py
[2026-09-15T10:25:08.571+0000] {logging_mixin.py:188} INFO - [2026-09-15T10:25:08.571+0000] {dag.py:3096} INFO - Sync 1 DAGs
[2026-09-15T10:25:08.590+0000] {logging_mixin.py:188} INFO - [2026-09-15T10:25:08.589+0000] {dag.py:3954} INFO - Setting next_dagrun for daily_report to 2026-09-15 06:00:00+00:00, run_after=2026-09-16 06:00:00+00:00
[2026-09-15T10:25:08.605+0000] {processor.py:183} INFO - Processing /opt/airflow/dags/daily_report.py took 0.083 seconds
[2026-09-15T10:25:38.789+0000] {processor.py:161} INFO - Started process (PID=289) to work on /opt/airflow/dags/daily_report.py
[2026-09-15T10:25:38.790+0000] {processor.py:830} INFO - Processing file /opt/airflow/dags/daily_report.py for tasks to queue
[2026-09-15T10:25:38.793+0000] {logging_mixin.py:188} INFO - [2026-09-15T10:25:38.793+0000] {dagbag.py:545} INFO - Filling up the DagBag from /opt/airflow/dags/daily_report.py
[2026-09-15T10:25:38.809+0000] {processor.py:840} INFO - DAG(s) 'daily_report' retrieved from /opt/airflow/dags/daily_report.py
[2026-09-15T10:25:38.835+0000] {logging_mixin.py:188} INFO - [2026-09-15T10:25:38.835+0000] {dag.py:3096} INFO - Sync 1 DAGs
[2026-09-15T10:25:38.852+0000] {logging_mixin.py:188} INFO - [2026-09-15T10:25:38.852+0000] {dag.py:3954} INFO - Setting next_dagrun for daily_report to 2026-09-15 06:00:00+00:00, run_after=2026-09-16 06:00:00+00:00
[2026-09-15T10:25:38.870+0000] {processor.py:183} INFO - Processing /opt/airflow/dags/daily_report.py took 0.085 seconds
[2026-09-15T10:26:09.078+0000] {processor.py:161} INFO - Started process (PID=297) to work on /opt/airflow/dags/daily_report.py
[2026-09-15T10:26:09.079+0000] {processor.py:830} INFO - Processing file /opt/airflow/dags/daily_report.py for tasks to queue
[2026-09-15T10:26:09.080+0000] {logging_mixin.py:188} INFO - [2026-09-15T10:26:09.080+0000] {dagbag.py:545} INFO - Filling up the DagBag from /opt/airflow/dags/daily_report.py
[2026-09-15T10:26:09.096+0000] {processor.py:840} INFO - DAG(s) 'daily_report' retrieved from /opt/airflow/dags/daily_report.py
[2026-09-15T10:26:09.118+0000] {logging_mixin.py:188} INFO - [2026-09-15T10:26:09.118+0000] {dag.py:3096} INFO - Sync 1 DAGs
[2026-09-15T10:26:09.135+0000] {logging_mixin.py:188} INFO - [2026-09-15T10:26:09.135+0000] {dag.py:3954} INFO - Setting next_dagrun for daily_report to 2026-09-15 06:00:00+00:00, run_after=2026-09-16 06:00:00+00:00
[2026-09-15T10:26:09.152+0000] {processor.py:183} INFO - Processing /opt/airflow/dags/daily_report.py took 0.078 seconds
[2026-09-15T10:26:39.329+0000] {processor.py:161} INFO - Started process (PID=305) to work on /opt/airflow/dags/daily_report.py
[2026-09-15T10:26:39.330+0000] {processor.py:830} INFO - Processing file /opt/airflow/dags/daily_report.py for tasks to queue
[2026-09-15T10:26:39.332+0000] {logging_mixin.py:188} INFO - [2026-09-15T10:26:39.332+0000] {dagbag.py:545} INFO - Filling up the DagBag from /opt/airflow/dags/daily_report.py
[2026-09-15T10:26:39.348+0000] {processor.py:840} INFO - DAG(s) 'daily_report' retrieved from /opt/airflow/dags/daily_report.py
[2026-09-15T10:26:39.374+0000] {logging_mixin.py:188} INFO - [2026-09-15T10:26:39.374+0000] {dag.py:3096} INFO - Sync 1 DAGs
[2026-09-15T10:26:39.395+0000] {logging_mixin.py:188} INFO - [2026-09-15T10:26:39.395+0000] {dag.py:3954} INFO - Setting next_dagrun for daily_report to 2026-09-15 06:00:00+00:00, run_after=2026-09-16 06:00:00+00:00
[2026-09-15T10:26:39.422+0000] {processor.py:183} INFO - Processing /opt/airflow/dags/daily_report.py took 0.097 seconds
[2026-09-15T10:27:09.613+0000] {processor.py:161} INFO - Started process (PID=313) to work on /opt/airflow/dags/daily_report.py
[2026-09-15T10:27:09.614+0000] {processor.py:830} INFO - Processing file /opt/airflow/dags/daily_report.py for tasks to queue
[2026-09-15T10:27:09.617+0000] {logging_mixin.py:188} INFO - [2026-09-15T10:27:09.617+0000] {dagbag.py:545} INFO - Filling up the DagBag from /opt/airflow/dags/daily_report.py
[2026-09-15T10:27:09.635+0000] {processor.py:840} INFO - DAG(s) 'daily_report' retrieved from /opt/airflow/dags/daily_report.py
[2026-09-15T10:27:09.658+0000] {logging_mixin.py:188} INFO - [2026-09-15T10:27:09.658+0000] {dag.py:3096} INFO - Sync 1 DAGs
[2026-09-15T10:27:09.677+0000] {logging_mixin.py:188} INFO - [2026-09-15T10:27:09.677+0000] {dag.py:3954} INFO - Setting next_dagrun for daily_report to 2026-09-15 06:00:00+00:00, run_after=2026-09-16 06:00:00+00:00
[2026-09-15T10:27:09.694+0000] {processor.py:183} INFO - Processing /opt/airflow/dags/daily_report.py took 0.086 seconds
[2026-09-15T10:27:39.898+0000] {processor.py:161} INFO - Started process (PID=321) to work on /opt/airflow/dags/daily_report.py
[2026-09-15T10:27:39.900+0000] {processor.py:830} INFO - Processing file /opt/airflow/dags/daily_report.py for tasks to queue
[2026-09-15T10:27:39.902+0000] {logging_mixin.py:188} INFO - [2026-09-15T10:27:39.901+0000] {dagbag.py:545} INFO - Filling up the DagBag from /opt/airflow/dags/daily_report.py
[2026-09-15T10:27:39.923+0000] {processor.py:840} INFO - DAG(s) 'daily_report' retrieved from /opt/airflow/dags/daily_report.py
[2026-09-15T10:27:39.949+0000] {logging_mixin.py:188} INFO - [2026-09-15T10:27:39.949+0000] {dag.py:3096} INFO - Sync 1 DAGs
[2026-09-15T10:27:39.969+0000] {logging_mixin.py:188} INFO - [2026-09-15T10:27:39.969+0000] {dag.py:3954} INFO - Setting next_dagrun for daily_report to 2026-09-15 06:00:00+00:00, run_after=2026-09-16 06:00:00+00:00
[2026-09-15T10:27:39.991+0000] {processor.py:183} INFO - Processing /opt/airflow/dags/daily_report.py took 0.098 seconds
[2026-09-15T10:28:10.118+0000] {processor.py:161} INFO - Started process (PID=329) to work on /opt/airflow/dags/daily_report.py
[2026-09-15T10:28:10.118+0000] {processor.py:830} INFO - Processing file /opt/airflow/dags/daily_report.py for tasks to queue
[2026-09-15T10:28:10.120+0000] {logging_mixin.py:188} INFO - [2026-09-15T10:28:10.120+0000] {dagbag.py:545} INFO - Filling up the DagBag from /opt/airflow/dags/daily_report.py
[2026-09-15T10:28:10.136+0000] {processor.py:840} INFO - DAG(s) 'daily_report' retrieved from /opt/airflow/dags/daily_report.py
[2026-09-15T10:28:10.161+0000] {logging_mixin.py:188} INFO - [2026-09-15T10:28:10.161+0000] {dag.py:3096} INFO - Sync 1 DAGs
[2026-09-15T10:28:10.177+0000] {logging_mixin.py:188} INFO - [2026-09-15T10:28:10.177+0000] {dag.py:3954} INFO - Setting next_dagrun for daily_report to 2026-09-15 06:00:00+00:00, run_after=2026-09-16 06:00:00+00:00
[2026-09-15T10:28:10.195+0000] {processor.py:183} INFO - Processing /opt/airflow/dags/daily_report.py took 0.081 seconds
[2026-09-15T10:28:40.380+0000] {processor.py:161} INFO - Started process (PID=337) to work on /opt/airflow/dags/daily_report.py
[2026-09-15T10:28:40.381+0000] {processor.py:830} INFO - Processing file /opt/airflow/dags/daily_report.py for tasks to queue
[2026-09-15T10:28:40.383+0000] {logging_mixin.py:188} INFO - [2026-09-15T10:28:40.383+0000] {dagbag.py:545} INFO - Filling up the DagBag from /opt/airflow/dags/daily_report.py
[2026-09-15T10:28:40.402+0000] {processor.py:840} INFO - DAG(s) 'daily_report' retrieved from /opt/airflow/dags/daily_report.py
[2026-09-15T10:28:40.431+0000] {logging_mixin.py:188} INFO - [2026-09-15T10:28:40.431+0000] {dag.py:3096} INFO - Sync 1 DAGs
[2026-09-15T10:28:40.448+0000] {logging_mixin.py:188} INFO - [2026-09-15T10:28:40.448+0000] {dag.py:3954} INFO - Setting next_dagrun for daily_report to 2026-09-15 06:00:00+00:00, run_after=2026-09-16 06:00:00+00:00
[2026-09-15T10:28:40.470+0000] {processor.py:183} INFO - Processing /opt/airflow/dags/daily_report.py took 0.094 seconds
[2026-09-15T10:29:10.662+0000] {processor.py:161} INFO - Started process (PID=345) to work on /opt/airflow/dags/daily_report.py
[2026-09-15T10:29:10.663+0000] {processor.py:830} INFO - Processing file /opt/airflow/dags/daily_report.py for tasks to queue
[2026-09-15T10:29:10.665+0000] {logging_mixin.py:188} INFO - [2026-09-15T10:29:10.665+0000] {dagbag.py:545} INFO - Filling up the DagBag from /opt/airflow/dags/daily_report.py
[2026-09-15T10:29:10.682+0000] {processor.py:840} INFO - DAG(s) 'daily_report' retrieved from /opt/airflow/dags/daily_report.py
[2026-09-15T10:29:10.706+0000] {logging_mixin.py:188} INFO - [2026-09-15T10:29:10.705+0000] {dag.py:3096} INFO - Sync 1 DAGs
[2026-09-15T10:29:10.723+0000] {logging_mixin.py:188} INFO - [2026-09-15T10:29:10.723+0000] {dag.py:3954} INFO - Setting next_dagrun for daily_report to 2026-09-15 06:00:00+00:00, run_after=2026-09-16 06:00:00+00:00
[2026-09-15T10:29:10.744+0000] {processor.py:183} INFO - Processing /opt/airflow/dags/daily_report.py took 0.086 seconds
[2026-09-15T10:29:40.934+0000] {processor.py:161} INFO - Started process (PID=353) to work on /opt/airflow/dags/daily_report.py
[2026-09-15T10:29:40.935+0000] {processor.py:830} INFO - Processing file /opt/airflow/dags/daily_report.py for tasks to queue
[2026-09-15T10:29:40.937+0000] {logging_mixin.py:188} INFO - [2026-09-15T10:29:40.937+0000] {dagbag.py:545} INFO - Filling up the DagBag from /opt/airflow/dags/daily_report.py
[2026-09-15T10:29:40.954+0000] {processor.py:840} INFO - DAG(s) 'daily_report' retrieved from /opt/airflow/dags/daily_report.py
[2026-09-15T10:29:40.980+0000] {logging_mixin.py:188} INFO - [2026-09-15T10:29:40.980+0000] {dag.py:3096} INFO - Sync 1 DAGs
[2026-09-15T10:29:40.995+0000] {logging_mixin.py:188} INFO - [2026-09-15T10:29:40.995+0000] {dag.py:3954} INFO - Setting next_dagrun for daily_report to 2026-09-15 06:00:00+00:00, run_after=2026-09-16 06:00:00+00:00
[2026-09-15T10:29:41.015+0000] {processor.py:183} INFO - Processing /opt/airflow/dags/daily_report.py took 0.085 seconds
[2026-09-15T10:29:56.060+0000] {processor.py:161} INFO - Started process (PID=355) to work on /opt/airflow/dags/daily_report.py
[2026-09-15T10:29:56.061+0000] {processor.py:830} INFO - Processing file /opt/airflow/dags/daily_report.py for tasks to queue
[2026-09-15T10:29:56.062+0000] {logging_mixin.py:188} INFO - [2026-09-15T10:29:56.062+0000] {dagbag.py:545} INFO - Filling up the DagBag from /opt/airflow/dags/daily_report.py
[2026-09-15T10:29:56.088+0000] {processor.py:840} INFO - DAG(s) 'daily_report' retrieved from /opt/airflow/dags/daily_report.py
[2026-09-15T10:29:56.112+0000] {logging_mixin.py:188} INFO - [2026-09-15T10:29:56.112+0000] {dag.py:3096} INFO - Sync 1 DAGs
[2026-09-15T10:29:56.130+0000] {logging_mixin.py:188} INFO - [2026-09-15T10:29:56.130+0000] {dag.py:3954} INFO - Setting next_dagrun for daily_report to 2026-09-15 06:00:00+00:00, run_after=2026-09-16 06:00:00+00:00
[2026-09-15T10:29:56.148+0000] {processor.py:183} INFO - Processing /opt/airflow/dags/daily_report.py took 0.092 seconds
[2026-09-15T10:30:26.300+0000] {processor.py:161} INFO - Started process (PID=363) to work on /opt/airflow/dags/daily_report.py
[2026-09-15T10:30:26.301+0000] {processor.py:830} INFO - Processing file /opt/airflow/dags/daily_report.py for tasks to queue
[2026-09-15T10:30:26.303+0000] {logging_mixin.py:188} INFO - [2026-09-15T10:30:26.303+0000] {dagbag.py:545} INFO - Filling up the DagBag from /opt/airflow/dags/daily_report.py
[2026-09-15T10:30:26.321+0000] {processor.py:840} INFO - DAG(s) 'daily_report' retrieved from /opt/airflow/dags/daily_report.py
[2026-09-15T10:30:26.350+0000] {logging_mixin.py:188} INFO - [2026-09-15T10:30:26.350+0000] {dag.py:3096} INFO - Sync 1 DAGs
[2026-09-15T10:30:26.369+0000] {logging_mixin.py:188} INFO - [2026-09-15T10:30:26.368+0000] {dag.py:3954} INFO - Setting next_dagrun for daily_report to 2026-09-15 06:00:00+00:00, run_after=2026-09-16 06:00:00+00:00
[2026-09-15T10:30:26.386+0000] {processor.py:183} INFO - Processing /opt/airflow/dags/daily_report.py took 0.090 seconds
[2026-09-15T10:30:56.560+0000] {processor.py:161} INFO - Started process (PID=371) to work on /opt/airflow/dags/daily_report.py
[2026-09-15T10:30:56.562+0000] {processor.py:830} INFO - Processing file /opt/airflow/dags/daily_report.py for tasks to queue
[2026-09-15T10:30:56.565+0000] {logging_mixin.py:188} INFO - [2026-09-15T10:30:56.564+0000] {dagbag.py:545} INFO - Filling up the DagBag from /opt/airflow/dags/daily_report.py
[2026-09-15T10:30:56.583+0000] {processor.py:840} INFO - DAG(s) 'daily_report' retrieved from /opt/airflow/dags/daily_report.py
[2026-09-15T10:30:56.607+0000] {logging_mixin.py:188} INFO - [2026-09-15T10:30:56.607+0000] {dag.py:3096} INFO - Sync 1 DAGs
[2026-09-15T10:30:56.624+0000] {logging_mixin.py:188} INFO - [2026-09-15T10:30:56.624+0000] {dag.py:3954} INFO - Setting next_dagrun for daily_report to 2026-09-15 06:00:00+00:00, run_after=2026-09-16 06:00:00+00:00
[2026-09-15T10:30:56.643+0000] {processor.py:183} INFO - Processing /opt/airflow/dags/daily_report.py took 0.088 seconds
[2026-09-15T10:31:26.833+0000] {processor.py:161} INFO - Started process (PID=379) to work on /opt/airflow/dags/daily_report.py
[2026-09-15T10:31:26.834+0000] {processor.py:830} INFO - Processing file /opt/airflow/dags/daily_report.py for tasks to queue
[2026-09-15T10:31:26.836+0000] {logging_mixin.py:188} INFO - [2026-09-15T10:31:26.836+0000] {dagbag.py:545} INFO - Filling up the DagBag from /opt/airflow/dags/daily_report.py
[2026-09-15T10:31:26.852+0000] {processor.py:840} INFO - DAG(s) 'daily_report' retrieved from /opt/airflow/dags/daily_report.py
[2026-09-15T10:31:26.879+0000] {logging_mixin.py:188} INFO - [2026-09-15T10:31:26.879+0000] {dag.py:3096} INFO - Sync 1 DAGs
[2026-09-15T10:31:26.898+0000] {logging_mixin.py:188} INFO - [2026-09-15T10:31:26.898+0000] {dag.py:3954} INFO - Setting next_dagrun for daily_report to 2026-09-15 06:00:00+00:00, run_after=2026-09-16 06:00:00+00:00
[2026-09-15T10:31:26.914+0000] {processor.py:183} INFO - Processing /opt/airflow/dags/daily_report.py took 0.085 seconds
[2026-09-15T10:31:57.082+0000] {processor.py:161} INFO - Started process (PID=387) to work on /opt/airflow/dags/daily_report.py
[2026-09-15T10:31:57.083+0000] {processor.py:830} INFO - Processing file /opt/airflow/dags/daily_report.py for tasks to queue
[2026-09-15T10:31:57.085+0000] {logging_mixin.py:188} INFO - [2026-09-15T10:31:57.085+0000] {dagbag.py:545} INFO - Filling up the DagBag from /opt/airflow/dags/daily_report.py
[2026-09-15T10:31:57.104+0000] {processor.py:840} INFO - DAG(s) 'daily_report' retrieved from /opt/airflow/dags/daily_report.py
[2026-09-15T10:31:57.131+0000] {logging_mixin.py:188} INFO - [2026-09-15T10:31:57.131+0000] {dag.py:3096} INFO - Sync 1 DAGs
[2026-09-15T10:31:57.148+0000] {logging_mixin.py:188} INFO - [2026-09-15T10:31:57.148+0000] {dag.py:3954} INFO - Setting next_dagrun for daily_report to 2026-09-15 06:00:00+00:00, run_after=2026-09-16 06:00:00+00:00
[2026-09-15T10:31:57.164+0000] {processor.py:183} INFO - Processing /opt/airflow/dags/daily_report.py took 0.088 seconds
[2026-09-15T10:32:27.327+0000] {processor.py:161} INFO - Started process (PID=395) to work on /opt/airflow/dags/daily_report.py
[2026-09-15T10:32:27.328+0000] {processor.py:830} INFO - Processing file /opt/airflow/dags/daily_report.py for tasks to queue
[2026-09-15T10:32:27.330+0000] {logging_mixin.py:188} INFO - [2026-09-15T10:32:27.330+0000] {dagbag.py:545} INFO - Filling up the DagBag from /opt/airflow/dags/daily_report.py
[2026-09-15T10:32:27.346+0000] {processor.py:840} INFO - DAG(s) 'daily_report' retrieved from /opt/airflow/dags/daily_report.py
[2026-09-15T10:32:27.368+0000] {logging_mixin.py:188} INFO - [2026-09-15T10:32:27.368+0000] {dag.py:3096} INFO - Sync 1 DAGs
[2026-09-15T10:32:27.384+0000] {logging_mixin.py:188} INFO - [2026-09-15T10:32:27.384+0000] {dag.py:3954} INFO - Setting next_dagrun for daily_report to 2026-09-15 06:00:00+00:00, run_after=2026-09-16 06:00:00+00:00
[2026-09-15T10:32:27.400+0000] {processor.py:183} INFO - Processing /opt/airflow/dags/daily_report.py took 0.077 seconds
[2026-09-15T10:32:57.579+0000] {processor.py:161} INFO - Started process (PID=403) to work on /opt/airflow/dags/daily_report.py
[2026-09-15T10:32:57.580+0000] {processor.py:830} INFO - Processing file /opt/airflow/dags/daily_report.py for tasks to queue
[2026-09-15T10:32:57.582+0000] {logging_mixin.py:188} INFO - [2026-09-15T10:32:57.582+0000] {dagbag.py:545} INFO - Filling up the DagBag from /opt/airflow/dags/daily_report.py
[2026-09-15T10:32:57.599+0000] {processor.py:840} INFO - DAG(s) 'daily_report' retrieved from /opt/airflow/dags/daily_report.py
[2026-09-15T10:32:57.625+0000] {logging_mixin.py:188} INFO - [2026-09-15T10:32:57.624+0000] {dag.py:3096} INFO - Sync 1 DAGs
[2026-09-15T10:32:57.648+0000] {logging_mixin.py:188} INFO - [2026-09-15T10:32:57.648+0000] {dag.py:3954} INFO - Setting next_dagrun for daily_report to 2026-09-15 06:00:00+00:00, run_after=2026-09-16 06:00:00+00:00
[2026-09-15T10:32:57.666+0000] {processor.py:183} INFO - Processing /opt/airflow/dags/daily_report.py took 0.090 seconds
[2026-09-15T10:33:27.833+0000] {processor.py:161} INFO - Started process (PID=411) to work on /opt/airflow/dags/daily_report.py
[2026-09-15T10:33:27.834+0000] {processor.py:830} INFO - Processing file /opt/airflow/dags/daily_report.py for tasks to queue
[2026-09-15T10:33:27.837+0000] {logging_mixin.py:188} INFO - [2026-09-15T10:33:27.837+0000] {dagbag.py:545} INFO - Filling up the DagBag from /opt/airflow/dags/daily_report.py
[2026-09-15T10:33:27.854+0000] {processor.py:840} INFO - DAG(s) 'daily_report' retrieved from /opt/airflow/dags/daily_report.py
[2026-09-15T10:33:27.878+0000] {logging_mixin.py:188} INFO - [2026-09-15T10:33:27.878+0000] {dag.py:3096} INFO - Sync 1 DAGs
[2026-09-15T10:33:27.895+0000] {logging_mixin.py:188} INFO - [2026-09-15T10:33:27.894+0000] {dag.py:3954} INFO - Setting next_dagrun for daily_report to 2026-09-15 06:00:00+00:00, run_after=2026-09-16 06:00:00+00:00
[2026-09-15T10:33:27.910+0000] {processor.py:183} INFO - Processing /opt/airflow/dags/daily_report.py took 0.080 seconds
[2026-09-15T10:33:58.087+0000] {processor.py:161} INFO - Started process (PID=419) to work on /opt/airflow/dags/daily_report.py
[2026-09-15T10:33:58.088+0000] {processor.py:830} INFO - Processing file /opt/airflow/dags/daily_report.py for tasks to queue
[2026-09-15T10:33:58.091+0000] {logging_mixin.py:188} INFO - [2026-09-15T10:33:58.091+0000] {dagbag.py:545} INFO - Filling up the DagBag from /opt/airflow/dags/daily_report.py
[2026-09-15T10:33:58.111+0000] {processor.py:840} INFO - DAG(s) 'daily_report' retrieved from /opt/airflow/dags/daily_report.py
[2026-09-15T10:33:58.138+0000] {logging_mixin.py:188} INFO - [2026-09-15T10:33:58.137+0000] {dag.py:3096} INFO - Sync 1 DAGs
[2026-09-15T10:33:58.159+0000] {logging_mixin.py:188} INFO - [2026-09-15T10:33:58.159+0000] {dag.py:3954} INFO - Setting next_dagrun for daily_report to 2026-09-15 06:00:00+00:00, run_after=2026-09-16 06:00:00+00:00
[2026-09-15T10:33:58.179+0000] {processor.py:183} INFO - Processing /opt/airflow/dags/daily_report.py took 0.096 seconds
[2026-09-15T10:34:28.346+0000] {processor.py:161} INFO - Started process (PID=427) to work on /opt/airflow/dags/daily_report.py
[2026-09-15T10:34:28.347+0000] {processor.py:830} INFO - Processing file /opt/airflow/dags/daily_report.py for tasks to queue
[2026-09-15T10:34:28.349+0000] {logging_mixin.py:188} INFO - [2026-09-15T10:34:28.348+0000] {dagbag.py:545} INFO - Filling up the DagBag from /opt/airflow/dags/daily_report.py
[2026-09-15T10:34:28.368+0000] {processor.py:840} INFO - DAG(s) 'daily_report' retrieved from /opt/airflow/dags/daily_report.py
[2026-09-15T10:34:28.392+0000] {logging_mixin.py:188} INFO - [2026-09-15T10:34:28.391+0000] {dag.py:3096} INFO - Sync 1 DAGs
[2026-09-15T10:34:28.413+0000] {logging_mixin.py:188} INFO - [2026-09-15T10:34:28.413+0000] {dag.py:3954} INFO - Setting next_dagrun for daily_report to 2026-09-15 06:00:00+00:00, run_after=2026-09-16 06:00:00+00:00
[2026-09-15T10:34:28.431+0000] {processor.py:183} INFO - Processing /opt/airflow/dags/daily_report.py took 0.091 seconds
[2026-09-15T10:34:58.602+0000] {processor.py:161} INFO - Started process (PID=435) to work on /opt/airflow/dags/daily_report.py
[2026-09-15T10:34:58.603+0000] {processor.py:830} INFO - Processing file /opt/airflow/dags/daily_report.py for tasks to queue
[2026-09-15T10:34:58.607+0000] {logging_mixin.py:188} INFO - [2026-09-15T10:34:58.606+0000] {dagbag.py:545} INFO - Filling up the DagBag from /opt/airflow/dags/daily_report.py
[2026-09-15T10:34:58.631+0000] {processor.py:840} INFO - DAG(s) 'daily_report' retrieved from /opt/airflow/dags/daily_report.py
[2026-09-15T10:34:58.673+0000] {logging_mixin.py:188} INFO - [2026-09-15T10:34:58.672+0000] {dag.py:3096} INFO - Sync 1 DAGs
[2026-09-15T10:34:58.694+0000] {logging_mixin.py:188} INFO - [2026-09-15T10:34:58.694+0000] {dag.py:3954} INFO - Setting next_dagrun for daily_report to 2026-09-15 06:00:00+00:00, run_after=2026-09-16 06:00:00+00:00
[2026-09-15T10:34:58.710+0000] {processor.py:183} INFO - Processing /opt/airflow/dags/daily_report.py took 0.113 seconds
[2026-09-15T10:35:28.880+0000] {processor.py:161} INFO - Started process (PID=443) to work on /opt/airflow/dags/daily_report.py
[2026-09-15T10:35:28.881+0000] {processor.py:830} INFO - Processing file /opt/airflow/dags/daily_report.py for tasks to queue
[2026-09-15T10:35:28.883+0000] {logging_mixin.py:188} INFO - [2026-09-15T10:35:28.883+0000] {dagbag.py:545} INFO - Filling up the DagBag from /opt/airflow/dags/daily_report.py
[2026-09-15T10:35:28.904+0000] {processor.py:840} INFO - DAG(s) 'daily_report' retrieved from /opt/airflow/dags/daily_report.py
[2026-09-15T10:35:28.927+0000] {logging_mixin.py:188} INFO - [2026-09-15T10:35:28.927+0000] {dag.py:3096} INFO - Sync 1 DAGs
[2026-09-15T10:35:28.946+0000] {logging_mixin.py:188} INFO - [2026-09-15T10:35:28.946+0000] {dag.py:3954} INFO - Setting next_dagrun for daily_report to 2026-09-15 06:00:00+00:00, run_after=2026-09-16 06:00:00+00:00
[2026-09-15T10:35:28.965+0000] {processor.py:183} INFO - Processing /opt/airflow/dags/daily_report.py took 0.090 seconds
[2026-09-15T10:35:32.032+0000] {processor.py:161} INFO - Started process (PID=445) to work on /opt/airflow/dags/daily_report.py
[2026-09-15T10:35:32.033+0000] {processor.py:830} INFO - Processing file /opt/airflow/dags/daily_report.py for tasks to queue
[2026-09-15T10:35:32.035+0000] {logging_mixin.py:188} INFO - [2026-09-15T10:35:32.035+0000] {dagbag.py:545} INFO - Filling up the DagBag from /opt/airflow/dags/daily_report.py
[2026-09-15T10:35:32.065+0000] {processor.py:840} INFO - DAG(s) 'daily_report' retrieved from /opt/airflow/dags/daily_report.py
[2026-09-15T10:35:32.092+0000] {logging_mixin.py:188} INFO - [2026-09-15T10:35:32.091+0000] {dag.py:3096} INFO - Sync 1 DAGs
[2026-09-15T10:35:32.114+0000] {logging_mixin.py:188} INFO - [2026-09-15T10:35:32.114+0000] {dag.py:3954} INFO - Setting next_dagrun for daily_report to 2026-09-15 06:00:00+00:00, run_after=2026-09-16 06:00:00+00:00
[2026-09-15T10:35:32.140+0000] {processor.py:183} INFO - Processing /opt/airflow/dags/daily_report.py took 0.112 seconds
[2026-09-15T10:36:02.310+0000] {processor.py:161} INFO - Started process (PID=453) to work on /opt/airflow/dags/daily_report.py
[2026-09-15T10:36:02.311+0000] {processor.py:830} INFO - Processing file /opt/airflow/dags/daily_report.py for tasks to queue
[2026-09-15T10:36:02.315+0000] {logging_mixin.py:188} INFO - [2026-09-15T10:36:02.314+0000] {dagbag.py:545} INFO - Filling up the DagBag from /opt/airflow/dags/daily_report.py
[2026-09-15T10:36:02.344+0000] {processor.py:840} INFO - DAG(s) 'daily_report' retrieved from /opt/airflow/dags/daily_report.py
[2026-09-15T10:36:02.379+0000] {logging_mixin.py:188} INFO - [2026-09-15T10:36:02.379+0000] {dag.py:3096} INFO - Sync 1 DAGs
[2026-09-15T10:36:02.401+0000] {logging_mixin.py:188} INFO - [2026-09-15T10:36:02.401+0000] {dag.py:3954} INFO - Setting next_dagrun for daily_report to 2026-09-15 06:00:00+00:00, run_after=2026-09-16 06:00:00+00:00
[2026-09-15T10:36:02.431+0000] {processor.py:183} INFO - Processing /opt/airflow/dags/daily_report.py took 0.133 seconds
[2026-09-15T10:36:32.608+0000] {processor.py:161} INFO - Started process (PID=461) to work on /opt/airflow/dags/daily_report.py
[2026-09-15T10:36:32.609+0000] {processor.py:830} INFO - Processing file /opt/airflow/dags/daily_report.py for tasks to queue
[2026-09-15T10:36:32.611+0000] {logging_mixin.py:188} INFO - [2026-09-15T10:36:32.611+0000] {dagbag.py:545} INFO - Filling up the DagBag from /opt/airflow/dags/daily_report.py
[2026-09-15T10:36:32.631+0000] {processor.py:840} INFO - DAG(s) 'daily_report' retrieved from /opt/airflow/dags/daily_report.py
[2026-09-15T10:36:32.657+0000] {logging_mixin.py:188} INFO - [2026-09-15T10:36:32.656+0000] {dag.py:3096} INFO - Sync 1 DAGs
[2026-09-15T10:36:32.674+0000] {logging_mixin.py:188} INFO - [2026-09-15T10:36:32.674+0000] {dag.py:3954} INFO - Setting next_dagrun for daily_report to 2026-09-15 06:00:00+00:00, run_after=2026-09-16 06:00:00+00:00
[2026-09-15T10:36:32.695+0000] {processor.py:183} INFO - Processing /opt/airflow/dags/daily_report.py took 0.093 seconds
[2026-09-15T10:37:02.856+0000] {processor.py:161} INFO - Started process (PID=469) to work on /opt/airflow/dags/daily_report.py
[2026-09-15T10:37:02.857+0000] {processor.py:830} INFO - Processing file /opt/airflow/dags/daily_report.py for tasks to queue
[2026-09-15T10:37:02.858+0000] {logging_mixin.py:188} INFO - [2026-09-15T10:37:02.858+0000] {dagbag.py:545} INFO - Filling up the DagBag from /opt/airflow/dags/daily_report.py
[2026-09-15T10:37:02.875+0000] {processor.py:840} INFO - DAG(s) 'daily_report' retrieved from /opt/airflow/dags/daily_report.py
[2026-09-15T10:37:02.900+0000] {logging_mixin.py:188} INFO - [2026-09-15T10:37:02.900+0000] {dag.py:3096} INFO - Sync 1 DAGs
[2026-09-15T10:37:02.919+0000] {logging_mixin.py:188} INFO - [2026-09-15T10:37:02.919+0000] {dag.py:3954} INFO - Setting next_dagrun for daily_report to 2026-09-15 06:00:00+00:00, run_after=2026-09-16 06:00:00+00:00
[2026-09-15T10:37:02.937+0000] {processor.py:183} INFO - Processing /opt/airflow/dags/daily_report.py took 0.087 seconds
[2026-09-15T10:37:33.124+0000] {processor.py:161} INFO - Started process (PID=477) to work on /opt/airflow/dags/daily_report.py
[2026-09-15T10:37:33.125+0000] {processor.py:830} INFO - Processing file /opt/airflow/dags/daily_report.py for tasks to queue
[2026-09-15T10:37:33.127+0000] {logging_mixin.py:188} INFO - [2026-09-15T10:37:33.127+0000] {dagbag.py:545} INFO - Filling up the DagBag from /opt/airflow/dags/daily_report.py
[2026-09-15T10:37:33.148+0000] {processor.py:840} INFO - DAG(s) 'daily_report' retrieved from /opt/airflow/dags/daily_report.py
[2026-09-15T10:37:33.177+0000] {logging_mixin.py:188} INFO - [2026-09-15T10:37:33.177+0000] {dag.py:3096} INFO - Sync 1 DAGs
[2026-09-15T10:37:33.197+0000] {logging_mixin.py:188} INFO - [2026-09-15T10:37:33.197+0000] {dag.py:3954} INFO - Setting next_dagrun for daily_report to 2026-09-15 06:00:00+00:00, run_after=2026-09-16 06:00:00+00:00
[2026-09-15T10:37:33.214+0000] {processor.py:183} INFO - Processing /opt/airflow/dags/daily_report.py took 0.095 seconds
[2026-09-15T10:38:03.384+0000] {processor.py:161} INFO - Started process (PID=491) to work on /opt/airflow/dags/daily_report.py
[2026-09-15T10:38:03.385+0000] {processor.py:830} INFO - Processing file /opt/airflow/dags/daily_report.py for tasks to queue
[2026-09-15T10:38:03.387+0000] {logging_mixin.py:188} INFO - [2026-09-15T10:38:03.387+0000] {dagbag.py:545} INFO - Filling up the DagBag from /opt/airflow/dags/daily_report.py
[2026-09-15T10:38:03.405+0000] {processor.py:840} INFO - DAG(s) 'daily_report' retrieved from /opt/airflow/dags/daily_report.py
[2026-09-15T10:38:03.430+0000] {logging_mixin.py:188} INFO - [2026-09-15T10:38:03.430+0000] {dag.py:3096} INFO - Sync 1 DAGs
[2026-09-15T10:38:03.449+0000] {logging_mixin.py:188} INFO - [2026-09-15T10:38:03.449+0000] {dag.py:3954} INFO - Setting next_dagrun for daily_report to 2026-09-15 06:00:00+00:00, run_after=2026-09-16 06:00:00+00:00
[2026-09-15T10:38:03.468+0000] {processor.py:183} INFO - Processing /opt/airflow/dags/daily_report.py took 0.088 seconds
[2026-09-15T10:38:33.652+0000] {processor.py:161} INFO - Started process (PID=499) to work on /opt/airflow/dags/daily_report.py
[2026-09-15T10:38:33.654+0000] {processor.py:830} INFO - Processing file /opt/airflow/dags/daily_report.py for tasks to queue
[2026-09-15T10:38:33.656+0000] {logging_mixin.py:188} INFO - [2026-09-15T10:38:33.656+0000] {dagbag.py:545} INFO - Filling up the DagBag from /opt/airflow/dags/daily_report.py
[2026-09-15T10:38:33.672+0000] {processor.py:840} INFO - DAG(s) 'daily_report' retrieved from /opt/airflow/dags/daily_report.py
[2026-09-15T10:38:33.699+0000] {logging_mixin.py:188} INFO - [2026-09-15T10:38:33.699+0000] {dag.py:3096} INFO - Sync 1 DAGs
[2026-09-15T10:38:33.722+0000] {logging_mixin.py:188} INFO - [2026-09-15T10:38:33.722+0000] {dag.py:3954} INFO - Setting next_dagrun for daily_report to 2026-09-15 06:00:00+00:00, run_after=2026-09-16 06:00:00+00:00
[2026-09-15T10:38:33.743+0000] {processor.py:183} INFO - Processing /opt/airflow/dags/daily_report.py took 0.095 seconds
[2026-09-15T10:41:04.421+0000] {processor.py:161} INFO - Started process (PID=530) to work on /opt/airflow/dags/daily_report.py
[2026-09-15T10:41:04.422+0000] {processor.py:830} INFO - Processing file /opt/airflow/dags/daily_report.py for tasks to queue
[2026-09-15T10:41:04.423+0000] {logging_mixin.py:188} INFO - [2026-09-15T10:41:04.423+0000] {dagbag.py:545} INFO - Filling up the DagBag from /opt/airflow/dags/daily_report.py
[2026-09-15T10:41:04.601+0000] {processor.py:840} INFO - DAG(s) 'daily_report' retrieved from /opt/airflow/dags/daily_report.py
[2026-09-15T10:41:04.632+0000] {logging_mixin.py:188} INFO - [2026-09-15T10:41:04.631+0000] {dag.py:3096} INFO - Sync 1 DAGs
[2026-09-15T10:41:04.659+0000] {logging_mixin.py:188} INFO - [2026-09-15T10:41:04.659+0000] {dag.py:3954} INFO - Setting next_dagrun for daily_report to 2026-09-15 06:00:00+00:00, run_after=2026-09-16 06:00:00+00:00
[2026-09-15T10:41:04.687+0000] {processor.py:183} INFO - Processing /opt/airflow/dags/daily_report.py took 0.273 seconds
[2026-09-15T10:46:04.740+0000] {processor.py:161} INFO - Started process (PID=591) to work on /opt/airflow/dags/daily_report.py
[2026-09-15T10:46:04.741+0000] {processor.py:830} INFO - Processing file /opt/airflow/dags/daily_report.py for tasks to queue
[2026-09-15T10:46:04.742+0000] {logging_mixin.py:188} INFO - [2026-09-15T10:46:04.742+0000] {dagbag.py:545} INFO - Filling up the DagBag from /opt/airflow/dags/daily_report.py
[2026-09-15T10:46:04.759+0000] {processor.py:840} INFO - DAG(s) 'daily_report' retrieved from /opt/airflow/dags/daily_report.py
[2026-09-15T10:46:04.785+0000] {logging_mixin.py:188} INFO - [2026-09-15T10:46:04.785+0000] {dag.py:3096} INFO - Sync 1 DAGs
[2026-09-15T10:46:04.803+0000] {logging_mixin.py:188} INFO - [2026-09-15T10:46:04.803+0000] {dag.py:3954} INFO - Setting next_dagrun for daily_report to 2026-09-15 06:00:00+00:00, run_after=2026-09-16 06:00:00+00:00
[2026-09-15T10:46:04.826+0000] {processor.py:183} INFO - Processing /opt/airflow/dags/daily_report.py took 0.090 seconds
[2026-09-15T10:46:34.934+0000] {processor.py:161} INFO - Started process (PID=598) to work on /opt/airflow/dags/daily_report.py
[2026-09-15T10:46:34.937+0000] {processor.py:830} INFO - Processing file /opt/airflow/dags/daily_report.py for tasks to queue
[2026-09-15T10:46:34.938+0000] {logging_mixin.py:188} INFO - [2026-09-15T10:46:34.938+0000] {dagbag.py:545} INFO - Filling up the DagBag from /opt/airflow/dags/daily_report.py
[2026-09-15T10:46:34.967+0000] {processor.py:840} INFO - DAG(s) 'daily_report' retrieved from /opt/airflow/dags/daily_report.py
[2026-09-15T10:46:34.998+0000] {logging_mixin.py:188} INFO - [2026-09-15T10:46:34.998+0000] {dag.py:3096} INFO - Sync 1 DAGs
[2026-09-15T10:46:35.017+0000] {logging_mixin.py:188} INFO - [2026-09-15T10:46:35.017+0000] {dag.py:3954} INFO - Setting next_dagrun for daily_report to 2026-09-15 06:00:00+00:00, run_after=2026-09-16 06:00:00+00:00
[2026-09-15T10:46:35.038+0000] {processor.py:183} INFO - Processing /opt/airflow/dags/daily_report.py took 0.113 seconds
[2026-09-15T10:47:05.145+0000] {processor.py:161} INFO - Started process (PID=605) to work on /opt/airflow/dags/daily_report.py
[2026-09-15T10:47:05.146+0000] {processor.py:830} INFO - Processing file /opt/airflow/dags/daily_report.py for tasks to queue
[2026-09-15T10:47:05.147+0000] {logging_mixin.py:188} INFO - [2026-09-15T10:47:05.146+0000] {dagbag.py:545} INFO - Filling up the DagBag from /opt/airflow/dags/daily_report.py
[2026-09-15T10:47:05.165+0000] {processor.py:840} INFO - DAG(s) 'daily_report' retrieved from /opt/airflow/dags/daily_report.py
[2026-09-15T10:47:05.191+0000] {logging_mixin.py:188} INFO - [2026-09-15T10:47:05.191+0000] {dag.py:3096} INFO - Sync 1 DAGs
[2026-09-15T10:47:05.208+0000] {logging_mixin.py:188} INFO - [2026-09-15T10:47:05.207+0000] {dag.py:3954} INFO - Setting next_dagrun for daily_report to 2026-09-15 06:00:00+00:00, run_after=2026-09-16 06:00:00+00:00
[2026-09-15T10:47:05.230+0000] {processor.py:183} INFO - Processing /opt/airflow/dags/daily_report.py took 0.089 seconds
[2026-09-15T10:47:35.357+0000] {processor.py:161} INFO - Started process (PID=612) to work on /opt/airflow/dags/daily_report.py
[2026-09-15T10:47:35.358+0000] {processor.py:830} INFO - Processing file /opt/airflow/dags/daily_report.py for tasks to queue
[2026-09-15T10:47:35.359+0000] {logging_mixin.py:188} INFO - [2026-09-15T10:47:35.359+0000] {dagbag.py:545} INFO - Filling up the DagBag from /opt/airflow/dags/daily_report.py
[2026-09-15T10:47:35.376+0000] {processor.py:840} INFO - DAG(s) 'daily_report' retrieved from /opt/airflow/dags/daily_report.py
[2026-09-15T10:47:35.401+0000] {logging_mixin.py:188} INFO - [2026-09-15T10:47:35.401+0000] {dag.py:3096} INFO - Sync 1 DAGs
[2026-09-15T10:47:35.417+0000] {logging_mixin.py:188} INFO - [2026-09-15T10:47:35.417+0000] {dag.py:3954} INFO - Setting next_dagrun for daily_report to 2026-09-15 06:00:00+00:00, run_after=2026-09-16 06:00:00+00:00
[2026-09-15T10:47:35.432+0000] {processor.py:183} INFO - Processing /opt/airflow/dags/daily_report.py took 0.078 seconds
[2026-09-15T10:48:05.556+0000] {processor.py:161} INFO - Started process (PID=619) to work on /opt/airflow/dags/daily_report.py
[2026-09-15T10:48:05.557+0000] {processor.py:830} INFO - Processing file /opt/airflow/dags/daily_report.py for tasks to queue
[2026-09-15T10:48:05.558+0000] {logging_mixin.py:188} INFO - [2026-09-15T10:48:05.558+0000] {dagbag.py:545} INFO - Filling up the DagBag from /opt/airflow/dags/daily_report.py
[2026-09-15T10:48:05.574+0000] {processor.py:840} INFO - DAG(s) 'daily_report' retrieved from /opt/airflow/dags/daily_report.py
[2026-09-15T10:48:05.597+0000] {logging_mixin.py:188} INFO - [2026-09-15T10:48:05.597+0000] {dag.py:3096} INFO - Sync 1 DAGs
[2026-09-15T10:48:05.612+0000] {logging_mixin.py:188} INFO - [2026-09-15T10:48:05.612+0000] {dag.py:3954} INFO - Setting next_dagrun for daily_report to 2026-09-15 06:00:00+00:00, run_after=2026-09-16 06:00:00+00:00
[2026-09-15T10:48:05.630+0000] {processor.py:183} INFO - Processing /opt/airflow/dags/daily_report.py took 0.079 seconds
[2026-09-15T10:48:35.752+0000] {processor.py:161} INFO - Started process (PID=626) to work on /opt/airflow/dags/daily_report.py
[2026-09-15T10:48:35.753+0000] {processor.py:830} INFO - Processing file /opt/airflow/dags/daily_report.py for tasks to queue
[2026-09-15T10:48:35.754+0000] {logging_mixin.py:188} INFO - [2026-09-15T10:48:35.754+0000] {dagbag.py:545} INFO - Filling up the DagBag from /opt/airflow/dags/daily_report.py
[2026-09-15T10:48:35.771+0000] {processor.py:840} INFO - DAG(s) 'daily_report' retrieved from /opt/airflow/dags/daily_report.py
[2026-09-15T10:48:35.795+0000] {logging_mixin.py:188} INFO - [2026-09-15T10:48:35.795+0000] {dag.py:3096} INFO - Sync 1 DAGs
[2026-09-15T10:48:35.811+0000] {logging_mixin.py:188} INFO - [2026-09-15T10:48:35.811+0000] {dag.py:3954} INFO - Setting next_dagrun for daily_report to 2026-09-15 06:00:00+00:00, run_after=2026-09-16 06:00:00+00:00
[2026-09-15T10:48:35.828+0000] {processor.py:183} INFO - Processing /opt/airflow/dags/daily_report.py took 0.080 seconds
[2026-09-15T10:49:05.955+0000] {processor.py:161} INFO - Started process (PID=633) to work on /opt/airflow/dags/daily_report.py
[2026-09-15T10:49:05.957+0000] {processor.py:830} INFO - Processing file /opt/airflow/dags/daily_report.py for tasks to queue
[2026-09-15T10:49:05.958+0000] {logging_mixin.py:188} INFO - [2026-09-15T10:49:05.958+0000] {dagbag.py:545} INFO - Filling up the DagBag from /opt/airflow/dags/daily_report.py
[2026-09-15T10:49:05.974+0000] {processor.py:840} INFO - DAG(s) 'daily_report' retrieved from /opt/airflow/dags/daily_report.py
[2026-09-15T10:49:05.996+0000] {logging_mixin.py:188} INFO - [2026-09-15T10:49:05.996+0000] {dag.py:3096} INFO - Sync 1 DAGs
[2026-09-15T10:49:06.012+0000] {logging_mixin.py:188} INFO - [2026-09-15T10:49:06.012+0000] {dag.py:3954} INFO - Setting next_dagrun for daily_report to 2026-09-15 06:00:00+00:00, run_after=2026-09-16 06:00:00+00:00
[2026-09-15T10:49:06.028+0000] {processor.py:183} INFO - Processing /opt/airflow/dags/daily_report.py took 0.078 seconds
[2026-09-15T10:49:36.153+0000] {processor.py:161} INFO - Started process (PID=640) to work on /opt/airflow/dags/daily_report.py
[2026-09-15T10:49:36.154+0000] {processor.py:830} INFO - Processing file /opt/airflow/dags/daily_report.py for tasks to queue
[2026-09-15T10:49:36.156+0000] {logging_mixin.py:188} INFO - [2026-09-15T10:49:36.155+0000] {dagbag.py:545} INFO - Filling up the DagBag from /opt/airflow/dags/daily_report.py
[2026-09-15T10:49:36.173+0000] {processor.py:840} INFO - DAG(s) 'daily_report' retrieved from /opt/airflow/dags/daily_report.py
[2026-09-15T10:49:36.196+0000] {logging_mixin.py:188} INFO - [2026-09-15T10:49:36.196+0000] {dag.py:3096} INFO - Sync 1 DAGs
[2026-09-15T10:49:36.213+0000] {logging_mixin.py:188} INFO - [2026-09-15T10:49:36.213+0000] {dag.py:3954} INFO - Setting next_dagrun for daily_report to 2026-09-15 06:00:00+00:00, run_after=2026-09-16 06:00:00+00:00
[2026-09-15T10:49:36.228+0000] {processor.py:183} INFO - Processing /opt/airflow/dags/daily_report.py took 0.080 seconds
[2026-09-15T10:50:06.349+0000] {processor.py:161} INFO - Started process (PID=647) to work on /opt/airflow/dags/daily_report.py
[2026-09-15T10:50:06.350+0000] {processor.py:830} INFO - Processing file /opt/airflow/dags/daily_report.py for tasks to queue
[2026-09-15T10:50:06.351+0000] {logging_mixin.py:188} INFO - [2026-09-15T10:50:06.351+0000] {dagbag.py:545} INFO - Filling up the DagBag from /opt/airflow/dags/daily_report.py
[2026-09-15T10:50:06.369+0000] {processor.py:840} INFO - DAG(s) 'daily_report' retrieved from /opt/airflow/dags/daily_report.py
[2026-09-15T10:50:06.393+0000] {logging_mixin.py:188} INFO - [2026-09-15T10:50:06.393+0000] {dag.py:3096} INFO - Sync 1 DAGs
[2026-09-15T10:50:06.412+0000] {logging_mixin.py:188} INFO - [2026-09-15T10:50:06.412+0000] {dag.py:3954} INFO - Setting next_dagrun for daily_report to 2026-09-15 06:00:00+00:00, run_after=2026-09-16 06:00:00+00:00
[2026-09-15T10:50:06.432+0000] {processor.py:183} INFO - Processing /opt/airflow/dags/daily_report.py took 0.088 seconds
[2026-09-15T10:50:36.560+0000] {processor.py:161} INFO - Started process (PID=654) to work on /opt/airflow/dags/daily_report.py
[2026-09-15T10:50:36.561+0000] {processor.py:830} INFO - Processing file /opt/airflow/dags/daily_report.py for tasks to queue
[2026-09-15T10:50:36.562+0000] {logging_mixin.py:188} INFO - [2026-09-15T10:50:36.562+0000] {dagbag.py:545} INFO - Filling up the DagBag from /opt/airflow/dags/daily_report.py
[2026-09-15T10:50:36.580+0000] {processor.py:840} INFO - DAG(s) 'daily_report' retrieved from /opt/airflow/dags/daily_report.py
[2026-09-15T10:50:36.603+0000] {logging_mixin.py:188} INFO - [2026-09-15T10:50:36.603+0000] {dag.py:3096} INFO - Sync 1 DAGs
[2026-09-15T10:50:36.619+0000] {logging_mixin.py:188} INFO - [2026-09-15T10:50:36.619+0000] {dag.py:3954} INFO - Setting next_dagrun for daily_report to 2026-09-15 06:00:00+00:00, run_after=2026-09-16 06:00:00+00:00
[2026-09-15T10:50:36.635+0000] {processor.py:183} INFO - Processing /opt/airflow/dags/daily_report.py took 0.081 seconds
[2026-09-15T10:51:06.773+0000] {processor.py:161} INFO - Started process (PID=661) to work on /opt/airflow/dags/daily_report.py
[2026-09-15T10:51:06.775+0000] {processor.py:830} INFO - Processing file /opt/airflow/dags/daily_report.py for tasks to queue
[2026-09-15T10:51:06.777+0000] {logging_mixin.py:188} INFO - [2026-09-15T10:51:06.776+0000] {dagbag.py:545} INFO - Filling up the DagBag from /opt/airflow/dags/daily_report.py
[2026-09-15T10:51:06.794+0000] {processor.py:840} INFO - DAG(s) 'daily_report' retrieved from /opt/airflow/dags/daily_report.py
[2026-09-15T10:51:06.817+0000] {logging_mixin.py:188} INFO - [2026-09-15T10:51:06.816+0000] {dag.py:3096} INFO - Sync 1 DAGs
[2026-09-15T10:51:06.832+0000] {logging_mixin.py:188} INFO - [2026-09-15T10:51:06.831+0000] {dag.py:3954} INFO - Setting next_dagrun for daily_report to 2026-09-15 06:00:00+00:00, run_after=2026-09-16 06:00:00+00:00
[2026-09-15T10:51:06.850+0000] {processor.py:183} INFO - Processing /opt/airflow/dags/daily_report.py took 0.082 seconds
[2026-09-15T10:51:36.959+0000] {processor.py:161} INFO - Started process (PID=668) to work on /opt/airflow/dags/daily_report.py
[2026-09-15T10:51:36.961+0000] {processor.py:830} INFO - Processing file /opt/airflow/dags/daily_report.py for tasks to queue
[2026-09-15T10:51:36.962+0000] {logging_mixin.py:188} INFO - [2026-09-15T10:51:36.962+0000] {dagbag.py:545} INFO - Filling up the DagBag from /opt/airflow/dags/daily_report.py
[2026-09-15T10:51:36.981+0000] {processor.py:840} INFO - DAG(s) 'daily_report' retrieved from /opt/airflow/dags/daily_report.py
[2026-09-15T10:51:37.010+0000] {logging_mixin.py:188} INFO - [2026-09-15T10:51:37.009+0000] {dag.py:3096} INFO - Sync 1 DAGs
[2026-09-15T10:51:37.029+0000] {logging_mixin.py:188} INFO - [2026-09-15T10:51:37.029+0000] {dag.py:3954} INFO - Setting next_dagrun for daily_report to 2026-09-15 06:00:00+00:00, run_after=2026-09-16 06:00:00+00:00
[2026-09-15T10:51:37.048+0000] {processor.py:183} INFO - Processing /opt/airflow/dags/daily_report.py took 0.095 seconds
[2026-09-15T10:52:07.175+0000] {processor.py:161} INFO - Started process (PID=675) to work on /opt/airflow/dags/daily_report.py
[2026-09-15T10:52:07.177+0000] {processor.py:830} INFO - Processing file /opt/airflow/dags/daily_report.py for tasks to queue
[2026-09-15T10:52:07.178+0000] {logging_mixin.py:188} INFO - [2026-09-15T10:52:07.177+0000] {dagbag.py:545} INFO - Filling up the DagBag from /opt/airflow/dags/daily_report.py
[2026-09-15T10:52:07.196+0000] {processor.py:840} INFO - DAG(s) 'daily_report' retrieved from /opt/airflow/dags/daily_report.py
[2026-09-15T10:52:07.222+0000] {logging_mixin.py:188} INFO - [2026-09-15T10:52:07.222+0000] {dag.py:3096} INFO - Sync 1 DAGs
[2026-09-15T10:52:07.238+0000] {logging_mixin.py:188} INFO - [2026-09-15T10:52:07.238+0000] {dag.py:3954} INFO - Setting next_dagrun for daily_report to 2026-09-15 06:00:00+00:00, run_after=2026-09-16 06:00:00+00:00
[2026-09-15T10:52:07.260+0000] {processor.py:183} INFO - Processing /opt/airflow/dags/daily_report.py took 0.090 seconds
[2026-09-15T10:52:37.374+0000] {processor.py:161} INFO - Started process (PID=682) to work on /opt/airflow/dags/daily_report.py
[2026-09-15T10:52:37.375+0000] {processor.py:830} INFO - Processing file /opt/airflow/dags/daily_report.py for tasks to queue
[2026-09-15T10:52:37.376+0000] {logging_mixin.py:188} INFO - [2026-09-15T10:52:37.376+0000] {dagbag.py:545} INFO - Filling up the DagBag from /opt/airflow/dags/daily_report.py
[2026-09-15T10:52:37.395+0000] {processor.py:840} INFO - DAG(s) 'daily_report' retrieved from /opt/airflow/dags/daily_report.py
[2026-09-15T10:52:37.422+0000] {logging_mixin.py:188} INFO - [2026-09-15T10:52:37.422+0000] {dag.py:3096} INFO - Sync 1 DAGs
[2026-09-15T10:52:37.438+0000] {logging_mixin.py:188} INFO - [2026-09-15T10:52:37.438+0000] {dag.py:3954} INFO - Setting next_dagrun for daily_report to 2026-09-15 06:00:00+00:00, run_after=2026-09-16 06:00:00+00:00
[2026-09-15T10:52:37.552+0000] {processor.py:183} INFO - Processing /opt/airflow/dags/daily_report.py took 0.182 seconds
[2026-09-15T10:53:07.715+0000] {processor.py:161} INFO - Started process (PID=689) to work on /opt/airflow/dags/daily_report.py
[2026-09-15T10:53:07.717+0000] {processor.py:830} INFO - Processing file /opt/airflow/dags/daily_report.py for tasks to queue
[2026-09-15T10:53:07.718+0000] {logging_mixin.py:188} INFO - [2026-09-15T10:53:07.718+0000] {dagbag.py:545} INFO - Filling up the DagBag from /opt/airflow/dags/daily_report.py
[2026-09-15T10:53:07.739+0000] {processor.py:840} INFO - DAG(s) 'daily_report' retrieved from /opt/airflow/dags/daily_report.py
[2026-09-15T10:53:07.767+0000] {logging_mixin.py:188} INFO - [2026-09-15T10:53:07.767+0000] {dag.py:3096} INFO - Sync 1 DAGs
[2026-09-15T10:53:07.787+0000] {logging_mixin.py:188} INFO - [2026-09-15T10:53:07.787+0000] {dag.py:3954} INFO - Setting next_dagrun for daily_report to 2026-09-15 06:00:00+00:00, run_after=2026-09-16 06:00:00+00:00
[2026-09-15T10:53:07.805+0000] {processor.py:183} INFO - Processing /opt/airflow/dags/daily_report.py took 0.095 seconds
[2026-09-15T10:53:37.879+0000] {processor.py:161} INFO - Started process (PID=696) to work on /opt/airflow/dags/daily_report.py
[2026-09-15T10:53:37.880+0000] {processor.py:830} INFO - Processing file /opt/airflow/dags/daily_report.py for tasks to queue
[2026-09-15T10:53:37.881+0000] {logging_mixin.py:188} INFO - [2026-09-15T10:53:37.881+0000] {dagbag.py:545} INFO - Filling up the DagBag from /opt/airflow/dags/daily_report.py
[2026-09-15T10:53:37.896+0000] {processor.py:840} INFO - DAG(s) 'daily_report' retrieved from /opt/airflow/dags/daily_report.py
[2026-09-15T10:53:37.919+0000] {logging_mixin.py:188} INFO - [2026-09-15T10:53:37.918+0000] {dag.py:3096} INFO - Sync 1 DAGs
[2026-09-15T10:53:37.934+0000] {logging_mixin.py:188} INFO - [2026-09-15T10:53:37.934+0000] {dag.py:3954} INFO - Setting next_dagrun for daily_report to 2026-09-15 06:00:00+00:00, run_after=2026-09-16 06:00:00+00:00
[2026-09-15T10:53:37.951+0000] {processor.py:183} INFO - Processing /opt/airflow/dags/daily_report.py took 0.077 seconds
[2026-09-15T10:54:08.130+0000] {processor.py:161} INFO - Started process (PID=703) to work on /opt/airflow/dags/daily_report.py
[2026-09-15T10:54:08.131+0000] {processor.py:830} INFO - Processing file /opt/airflow/dags/daily_report.py for tasks to queue
[2026-09-15T10:54:08.132+0000] {logging_mixin.py:188} INFO - [2026-09-15T10:54:08.132+0000] {dagbag.py:545} INFO - Filling up the DagBag from /opt/airflow/dags/daily_report.py
[2026-09-15T10:54:08.148+0000] {processor.py:840} INFO - DAG(s) 'daily_report' retrieved from /opt/airflow/dags/daily_report.py
[2026-09-15T10:54:08.173+0000] {logging_mixin.py:188} INFO - [2026-09-15T10:54:08.173+0000] {dag.py:3096} INFO - Sync 1 DAGs
[2026-09-15T10:54:08.189+0000] {logging_mixin.py:188} INFO - [2026-09-15T10:54:08.189+0000] {dag.py:3954} INFO - Setting next_dagrun for daily_report to 2026-09-15 06:00:00+00:00, run_after=2026-09-16 06:00:00+00:00
[2026-09-15T10:54:08.205+0000] {processor.py:183} INFO - Processing /opt/airflow/dags/daily_report.py took 0.079 seconds
[2026-09-15T10:54:38.303+0000] {processor.py:161} INFO - Started process (PID=710) to work on /opt/airflow/dags/daily_report.py
[2026-09-15T10:54:38.304+0000] {processor.py:830} INFO - Processing file /opt/airflow/dags/daily_report.py for tasks to queue
[2026-09-15T10:54:38.305+0000] {logging_mixin.py:188} INFO - [2026-09-15T10:54:38.305+0000] {dagbag.py:545} INFO - Filling up the DagBag from /opt/airflow/dags/daily_report.py
[2026-09-15T10:54:38.322+0000] {processor.py:840} INFO - DAG(s) 'daily_report' retrieved from /opt/airflow/dags/daily_report.py
[2026-09-15T10:54:38.347+0000] {logging_mixin.py:188} INFO - [2026-09-15T10:54:38.346+0000] {dag.py:3096} INFO - Sync 1 DAGs
[2026-09-15T10:54:38.364+0000] {logging_mixin.py:188} INFO - [2026-09-15T10:54:38.364+0000] {dag.py:3954} INFO - Setting next_dagrun for daily_report to 2026-09-15 06:00:00+00:00, run_after=2026-09-16 06:00:00+00:00
[2026-09-15T10:54:38.384+0000] {processor.py:183} INFO - Processing /opt/airflow/dags/daily_report.py took 0.085 seconds
[2026-09-15T10:55:08.526+0000] {processor.py:161} INFO - Started process (PID=717) to work on /opt/airflow/dags/daily_report.py
[2026-09-15T10:55:08.527+0000] {processor.py:830} INFO - Processing file /opt/airflow/dags/daily_report.py for tasks to queue
[2026-09-15T10:55:08.528+0000] {logging_mixin.py:188} INFO - [2026-09-15T10:55:08.527+0000] {dagbag.py:545} INFO - Filling up the DagBag from /opt/airflow/dags/daily_report.py
[2026-09-15T10:55:08.543+0000] {processor.py:840} INFO - DAG(s) 'daily_report' retrieved from /opt/airflow/dags/daily_report.py
[2026-09-15T10:55:08.565+0000] {logging_mixin.py:188} INFO - [2026-09-15T10:55:08.565+0000] {dag.py:3096} INFO - Sync 1 DAGs
[2026-09-15T10:55:08.583+0000] {logging_mixin.py:188} INFO - [2026-09-15T10:55:08.583+0000] {dag.py:3954} INFO - Setting next_dagrun for daily_report to 2026-09-15 06:00:00+00:00, run_after=2026-09-16 06:00:00+00:00
[2026-09-15T10:55:08.599+0000] {processor.py:183} INFO - Processing /opt/airflow/dags/daily_report.py took 0.077 seconds
[2026-09-15T10:55:38.708+0000] {processor.py:161} INFO - Started process (PID=724) to work on /opt/airflow/dags/daily_report.py
[2026-09-15T10:55:38.709+0000] {processor.py:830} INFO - Processing file /opt/airflow/dags/daily_report.py for tasks to queue
[2026-09-15T10:55:38.710+0000] {logging_mixin.py:188} INFO - [2026-09-15T10:55:38.710+0000] {dagbag.py:545} INFO - Filling up the DagBag from /opt/airflow/dags/daily_report.py
[2026-09-15T10:55:38.726+0000] {processor.py:840} INFO - DAG(s) 'daily_report' retrieved from /opt/airflow/dags/daily_report.py
[2026-09-15T10:55:38.751+0000] {logging_mixin.py:188} INFO - [2026-09-15T10:55:38.751+0000] {dag.py:3096} INFO - Sync 1 DAGs
[2026-09-15T10:55:38.768+0000] {logging_mixin.py:188} INFO - [2026-09-15T10:55:38.768+0000] {dag.py:3954} INFO - Setting next_dagrun for daily_report to 2026-09-15 06:00:00+00:00, run_after=2026-09-16 06:00:00+00:00
[2026-09-15T10:55:38.785+0000] {processor.py:183} INFO - Processing /opt/airflow/dags/daily_report.py took 0.081 seconds
[2026-09-15T10:56:08.943+0000] {processor.py:161} INFO - Started process (PID=731) to work on /opt/airflow/dags/daily_report.py
[2026-09-15T10:56:08.944+0000] {processor.py:830} INFO - Processing file /opt/airflow/dags/daily_report.py for tasks to queue
[2026-09-15T10:56:08.946+0000] {logging_mixin.py:188} INFO - [2026-09-15T10:56:08.945+0000] {dagbag.py:545} INFO - Filling up the DagBag from /opt/airflow/dags/daily_report.py
[2026-09-15T10:56:08.964+0000] {processor.py:840} INFO - DAG(s) 'daily_report' retrieved from /opt/airflow/dags/daily_report.py
[2026-09-15T10:56:08.987+0000] {logging_mixin.py:188} INFO - [2026-09-15T10:56:08.987+0000] {dag.py:3096} INFO - Sync 1 DAGs
[2026-09-15T10:56:09.003+0000] {logging_mixin.py:188} INFO - [2026-09-15T10:56:09.003+0000] {dag.py:3954} INFO - Setting next_dagrun for daily_report to 2026-09-15 06:00:00+00:00, run_after=2026-09-16 06:00:00+00:00
[2026-09-15T10:56:09.018+0000] {processor.py:183} INFO - Processing /opt/airflow/dags/daily_report.py took 0.080 seconds
[2026-09-15T10:56:39.114+0000] {processor.py:161} INFO - Started process (PID=738) to work on /opt/airflow/dags/daily_report.py
[2026-09-15T10:56:39.115+0000] {processor.py:830} INFO - Processing file /opt/airflow/dags/daily_report.py for tasks to queue
[2026-09-15T10:56:39.116+0000] {logging_mixin.py:188} INFO - [2026-09-15T10:56:39.116+0000] {dagbag.py:545} INFO - Filling up the DagBag from /opt/airflow/dags/daily_report.py
[2026-09-15T10:56:39.132+0000] {processor.py:840} INFO - DAG(s) 'daily_report' retrieved from /opt/airflow/dags/daily_report.py
[2026-09-15T10:56:39.160+0000] {logging_mixin.py:188} INFO - [2026-09-15T10:56:39.160+0000] {dag.py:3096} INFO - Sync 1 DAGs
[2026-09-15T10:56:39.176+0000] {logging_mixin.py:188} INFO - [2026-09-15T10:56:39.176+0000] {dag.py:3954} INFO - Setting next_dagrun for daily_report to 2026-09-15 06:00:00+00:00, run_after=2026-09-16 06:00:00+00:00
[2026-09-15T10:56:39.192+0000] {processor.py:183} INFO - Processing /opt/airflow/dags/daily_report.py took 0.083 seconds
[2026-09-15T10:57:09.335+0000] {processor.py:161} INFO - Started process (PID=745) to work on /opt/airflow/dags/daily_report.py
[2026-09-15T10:57:09.336+0000] {processor.py:830} INFO - Processing file /opt/airflow/dags/daily_report.py for tasks to queue
[2026-09-15T10:57:09.337+0000] {logging_mixin.py:188} INFO - [2026-09-15T10:57:09.337+0000] {dagbag.py:545} INFO - Filling up the DagBag from /opt/airflow/dags/daily_report.py
[2026-09-15T10:57:09.355+0000] {processor.py:840} INFO - DAG(s) 'daily_report' retrieved from /opt/airflow/dags/daily_report.py
[2026-09-15T10:57:09.378+0000] {logging_mixin.py:188} INFO - [2026-09-15T10:57:09.377+0000] {dag.py:3096} INFO - Sync 1 DAGs
[2026-09-15T10:57:09.393+0000] {logging_mixin.py:188} INFO - [2026-09-15T10:57:09.393+0000] {dag.py:3954} INFO - Setting next_dagrun for daily_report to 2026-09-15 06:00:00+00:00, run_after=2026-09-16 06:00:00+00:00
[2026-09-15T10:57:09.409+0000] {processor.py:183} INFO - Processing /opt/airflow/dags/daily_report.py took 0.080 seconds
[2026-09-15T10:57:39.503+0000] {processor.py:161} INFO - Started process (PID=752) to work on /opt/airflow/dags/daily_report.py
[2026-09-15T10:57:39.504+0000] {processor.py:830} INFO - Processing file /opt/airflow/dags/daily_report.py for tasks to queue
[2026-09-15T10:57:39.506+0000] {logging_mixin.py:188} INFO - [2026-09-15T10:57:39.506+0000] {dagbag.py:545} INFO - Filling up the DagBag from /opt/airflow/dags/daily_report.py
[2026-09-15T10:57:39.522+0000] {processor.py:840} INFO - DAG(s) 'daily_report' retrieved from /opt/airflow/dags/daily_report.py
[2026-09-15T10:57:39.545+0000] {logging_mixin.py:188} INFO - [2026-09-15T10:57:39.545+0000] {dag.py:3096} INFO - Sync 1 DAGs
[2026-09-15T10:57:39.562+0000] {logging_mixin.py:188} INFO - [2026-09-15T10:57:39.562+0000] {dag.py:3954} INFO - Setting next_dagrun for daily_report to 2026-09-15 06:00:00+00:00, run_after=2026-09-16 06:00:00+00:00
[2026-09-15T10:57:39.579+0000] {processor.py:183} INFO - Processing /opt/airflow/dags/daily_report.py took 0.081 seconds
[2026-09-15T10:58:09.725+0000] {processor.py:161} INFO - Started process (PID=759) to work on /opt/airflow/dags/daily_report.py
[2026-09-15T10:58:09.726+0000] {processor.py:830} INFO - Processing file /opt/airflow/dags/daily_report.py for tasks to queue
[2026-09-15T10:58:09.729+0000] {logging_mixin.py:188} INFO - [2026-09-15T10:58:09.729+0000] {dagbag.py:545} INFO - Filling up the DagBag from /opt/airflow/dags/daily_report.py
[2026-09-15T10:58:09.745+0000] {processor.py:840} INFO - DAG(s) 'daily_report' retrieved from /opt/airflow/dags/daily_report.py
[2026-09-15T10:58:09.771+0000] {logging_mixin.py:188} INFO - [2026-09-15T10:58:09.770+0000] {dag.py:3096} INFO - Sync 1 DAGs
[2026-09-15T10:58:09.787+0000] {logging_mixin.py:188} INFO - [2026-09-15T10:58:09.787+0000] {dag.py:3954} INFO - Setting next_dagrun for daily_report to 2026-09-15 06:00:00+00:00, run_after=2026-09-16 06:00:00+00:00
[2026-09-15T10:58:09.801+0000] {processor.py:183} INFO - Processing /opt/airflow/dags/daily_report.py took 0.080 seconds
[2026-09-15T10:58:39.904+0000] {processor.py:161} INFO - Started process (PID=766) to work on /opt/airflow/dags/daily_report.py
[2026-09-15T10:58:39.906+0000] {processor.py:830} INFO - Processing file /opt/airflow/dags/daily_report.py for tasks to queue
[2026-09-15T10:58:39.907+0000] {logging_mixin.py:188} INFO - [2026-09-15T10:58:39.907+0000] {dagbag.py:545} INFO - Filling up the DagBag from /opt/airflow/dags/daily_report.py
[2026-09-15T10:58:39.926+0000] {processor.py:840} INFO - DAG(s) 'daily_report' retrieved from /opt/airflow/dags/daily_report.py
[2026-09-15T10:58:39.951+0000] {logging_mixin.py:188} INFO - [2026-09-15T10:58:39.951+0000] {dag.py:3096} INFO - Sync 1 DAGs
[2026-09-15T10:58:39.969+0000] {logging_mixin.py:188} INFO - [2026-09-15T10:58:39.969+0000] {dag.py:3954} INFO - Setting next_dagrun for daily_report to 2026-09-15 06:00:00+00:00, run_after=2026-09-16 06:00:00+00:00
[2026-09-15T10:58:39.989+0000] {processor.py:183} INFO - Processing /opt/airflow/dags/daily_report.py took 0.090 seconds
[2026-09-15T10:59:10.128+0000] {processor.py:161} INFO - Started process (PID=773) to work on /opt/airflow/dags/daily_report.py
[2026-09-15T10:59:10.129+0000] {processor.py:830} INFO - Processing file /opt/airflow/dags/daily_report.py for tasks to queue
[2026-09-15T10:59:10.130+0000] {logging_mixin.py:188} INFO - [2026-09-15T10:59:10.130+0000] {dagbag.py:545} INFO - Filling up the DagBag from /opt/airflow/dags/daily_report.py
[2026-09-15T10:59:10.148+0000] {processor.py:840} INFO - DAG(s) 'daily_report' retrieved from /opt/airflow/dags/daily_report.py
[2026-09-15T10:59:10.170+0000] {logging_mixin.py:188} INFO - [2026-09-15T10:59:10.170+0000] {dag.py:3096} INFO - Sync 1 DAGs
[2026-09-15T10:59:10.187+0000] {logging_mixin.py:188} INFO - [2026-09-15T10:59:10.187+0000] {dag.py:3954} INFO - Setting next_dagrun for daily_report to 2026-09-15 06:00:00+00:00, run_after=2026-09-16 06:00:00+00:00
[2026-09-15T10:59:10.201+0000] {processor.py:183} INFO - Processing /opt/airflow/dags/daily_report.py took 0.078 seconds
[2026-09-15T10:59:40.314+0000] {processor.py:161} INFO - Started process (PID=780) to work on /opt/airflow/dags/daily_report.py
[2026-09-15T10:59:40.315+0000] {processor.py:830} INFO - Processing file /opt/airflow/dags/daily_report.py for tasks to queue
[2026-09-15T10:59:40.316+0000] {logging_mixin.py:188} INFO - [2026-09-15T10:59:40.316+0000] {dagbag.py:545} INFO - Filling up the DagBag from /opt/airflow/dags/daily_report.py
[2026-09-15T10:59:40.336+0000] {processor.py:840} INFO - DAG(s) 'daily_report' retrieved from /opt/airflow/dags/daily_report.py
[2026-09-15T10:59:40.361+0000] {logging_mixin.py:188} INFO - [2026-09-15T10:59:40.360+0000] {dag.py:3096} INFO - Sync 1 DAGs
[2026-09-15T10:59:40.377+0000] {logging_mixin.py:188} INFO - [2026-09-15T10:59:40.376+0000] {dag.py:3954} INFO - Setting next_dagrun for daily_report to 2026-09-15 06:00:00+00:00, run_after=2026-09-16 06:00:00+00:00
[2026-09-15T10:59:40.391+0000] {processor.py:183} INFO - Processing /opt/airflow/dags/daily_report.py took 0.082 seconds
[2026-09-15T11:00:10.523+0000] {processor.py:161} INFO - Started process (PID=787) to work on /opt/airflow/dags/daily_report.py
[2026-09-15T11:00:10.524+0000] {processor.py:830} INFO - Processing file /opt/airflow/dags/daily_report.py for tasks to queue
[2026-09-15T11:00:10.525+0000] {logging_mixin.py:188} INFO - [2026-09-15T11:00:10.525+0000] {dagbag.py:545} INFO - Filling up the DagBag from /opt/airflow/dags/daily_report.py
[2026-09-15T11:00:10.543+0000] {processor.py:840} INFO - DAG(s) 'daily_report' retrieved from /opt/airflow/dags/daily_report.py
[2026-09-15T11:00:10.568+0000] {logging_mixin.py:188} INFO - [2026-09-15T11:00:10.568+0000] {dag.py:3096} INFO - Sync 1 DAGs
[2026-09-15T11:00:10.584+0000] {logging_mixin.py:188} INFO - [2026-09-15T11:00:10.584+0000] {dag.py:3954} INFO - Setting next_dagrun for daily_report to 2026-09-15 06:00:00+00:00, run_after=2026-09-16 06:00:00+00:00
[2026-09-15T11:00:10.599+0000] {processor.py:183} INFO - Processing /opt/airflow/dags/daily_report.py took 0.082 seconds
[2026-09-15T11:00:40.708+0000] {processor.py:161} INFO - Started process (PID=794) to work on /opt/airflow/dags/daily_report.py
[2026-09-15T11:00:40.710+0000] {processor.py:830} INFO - Processing file /opt/airflow/dags/daily_report.py for tasks to queue
[2026-09-15T11:00:40.712+0000] {logging_mixin.py:188} INFO - [2026-09-15T11:00:40.711+0000] {dagbag.py:545} INFO - Filling up the DagBag from /opt/airflow/dags/daily_report.py
[2026-09-15T11:00:40.728+0000] {processor.py:840} INFO - DAG(s) 'daily_report' retrieved from /opt/airflow/dags/daily_report.py
[2026-09-15T11:00:40.754+0000] {logging_mixin.py:188} INFO - [2026-09-15T11:00:40.754+0000] {dag.py:3096} INFO - Sync 1 DAGs
[2026-09-15T11:00:40.770+0000] {logging_mixin.py:188} INFO - [2026-09-15T11:00:40.770+0000] {dag.py:3954} INFO - Setting next_dagrun for daily_report to 2026-09-15 06:00:00+00:00, run_after=2026-09-16 06:00:00+00:00
[2026-09-15T11:00:40.786+0000] {processor.py:183} INFO - Processing /opt/airflow/dags/daily_report.py took 0.083 seconds
[2026-09-15T11:01:10.916+0000] {processor.py:161} INFO - Started process (PID=801) to work on /opt/airflow/dags/daily_report.py
[2026-09-15T11:01:10.918+0000] {processor.py:830} INFO - Processing file /opt/airflow/dags/daily_report.py for tasks to queue
[2026-09-15T11:01:10.919+0000] {logging_mixin.py:188} INFO - [2026-09-15T11:01:10.919+0000] {dagbag.py:545} INFO - Filling up the DagBag from /opt/airflow/dags/daily_report.py
[2026-09-15T11:01:10.936+0000] {processor.py:840} INFO - DAG(s) 'daily_report' retrieved from /opt/airflow/dags/daily_report.py
[2026-09-15T11:01:10.964+0000] {logging_mixin.py:188} INFO - [2026-09-15T11:01:10.964+0000] {dag.py:3096} INFO - Sync 1 DAGs
[2026-09-15T11:01:10.984+0000] {logging_mixin.py:188} INFO - [2026-09-15T11:01:10.984+0000] {dag.py:3954} INFO - Setting next_dagrun for daily_report to 2026-09-15 06:00:00+00:00, run_after=2026-09-16 06:00:00+00:00
[2026-09-15T11:01:11.001+0000] {processor.py:183} INFO - Processing /opt/airflow/dags/daily_report.py took 0.088 seconds
[2026-09-15T11:01:41.128+0000] {processor.py:161} INFO - Started process (PID=808) to work on /opt/airflow/dags/daily_report.py
[2026-09-15T11:01:41.129+0000] {processor.py:830} INFO - Processing file /opt/airflow/dags/daily_report.py for tasks to queue
[2026-09-15T11:01:41.130+0000] {logging_mixin.py:188} INFO - [2026-09-15T11:01:41.130+0000] {dagbag.py:545} INFO - Filling up the DagBag from /opt/airflow/dags/daily_report.py
[2026-09-15T11:01:41.149+0000] {processor.py:840} INFO - DAG(s) 'daily_report' retrieved from /opt/airflow/dags/daily_report.py
[2026-09-15T11:01:41.178+0000] {logging_mixin.py:188} INFO - [2026-09-15T11:01:41.178+0000] {dag.py:3096} INFO - Sync 1 DAGs
[2026-09-15T11:01:41.193+0000] {logging_mixin.py:188} INFO - [2026-09-15T11:01:41.193+0000] {dag.py:3954} INFO - Setting next_dagrun for daily_report to 2026-09-15 06:00:00+00:00, run_after=2026-09-16 06:00:00+00:00
[2026-09-15T11:01:41.208+0000] {processor.py:183} INFO - Processing /opt/airflow/dags/daily_report.py took 0.084 seconds
[2026-09-15T11:02:11.314+0000] {processor.py:161} INFO - Started process (PID=815) to work on /opt/airflow/dags/daily_report.py
[2026-09-15T11:02:11.315+0000] {processor.py:830} INFO - Processing file /opt/airflow/dags/daily_report.py for tasks to queue
[2026-09-15T11:02:11.316+0000] {logging_mixin.py:188} INFO - [2026-09-15T11:02:11.316+0000] {dagbag.py:545} INFO - Filling up the DagBag from /opt/airflow/dags/daily_report.py
[2026-09-15T11:02:11.332+0000] {processor.py:840} INFO - DAG(s) 'daily_report' retrieved from /opt/airflow/dags/daily_report.py
[2026-09-15T11:02:11.356+0000] {logging_mixin.py:188} INFO - [2026-09-15T11:02:11.356+0000] {dag.py:3096} INFO - Sync 1 DAGs
[2026-09-15T11:02:11.376+0000] {logging_mixin.py:188} INFO - [2026-09-15T11:02:11.376+0000] {dag.py:3954} INFO - Setting next_dagrun for daily_report to 2026-09-15 06:00:00+00:00, run_after=2026-09-16 06:00:00+00:00
[2026-09-15T11:02:11.392+0000] {processor.py:183} INFO - Processing /opt/airflow/dags/daily_report.py took 0.083 seconds
[2026-09-15T11:02:41.527+0000] {processor.py:161} INFO - Started process (PID=822) to work on /opt/airflow/dags/daily_report.py
[2026-09-15T11:02:41.529+0000] {processor.py:830} INFO - Processing file /opt/airflow/dags/daily_report.py for tasks to queue
[2026-09-15T11:02:41.530+0000] {logging_mixin.py:188} INFO - [2026-09-15T11:02:41.530+0000] {dagbag.py:545} INFO - Filling up the DagBag from /opt/airflow/dags/daily_report.py
[2026-09-15T11:02:41.549+0000] {processor.py:840} INFO - DAG(s) 'daily_report' retrieved from /opt/airflow/dags/daily_report.py
[2026-09-15T11:02:41.579+0000] {logging_mixin.py:188} INFO - [2026-09-15T11:02:41.578+0000] {dag.py:3096} INFO - Sync 1 DAGs
[2026-09-15T11:02:41.598+0000] {logging_mixin.py:188} INFO - [2026-09-15T11:02:41.597+0000] {dag.py:3954} INFO - Setting next_dagrun for daily_report to 2026-09-15 06:00:00+00:00, run_after=2026-09-16 06:00:00+00:00
[2026-09-15T11:02:41.615+0000] {processor.py:183} INFO - Processing /opt/airflow/dags/daily_report.py took 0.092 seconds
[2026-09-15T11:03:11.705+0000] {processor.py:161} INFO - Started process (PID=829) to work on /opt/airflow/dags/daily_report.py
[2026-09-15T11:03:11.707+0000] {processor.py:830} INFO - Processing file /opt/airflow/dags/daily_report.py for tasks to queue
[2026-09-15T11:03:11.708+0000] {logging_mixin.py:188} INFO - [2026-09-15T11:03:11.708+0000] {dagbag.py:545} INFO - Filling up the DagBag from /opt/airflow/dags/daily_report.py
[2026-09-15T11:03:11.725+0000] {processor.py:840} INFO - DAG(s) 'daily_report' retrieved from /opt/airflow/dags/daily_report.py
[2026-09-15T11:03:11.752+0000] {logging_mixin.py:188} INFO - [2026-09-15T11:03:11.752+0000] {dag.py:3096} INFO - Sync 1 DAGs
[2026-09-15T11:03:11.773+0000] {logging_mixin.py:188} INFO - [2026-09-15T11:03:11.773+0000] {dag.py:3954} INFO - Setting next_dagrun for daily_report to 2026-09-15 06:00:00+00:00, run_after=2026-09-16 06:00:00+00:00
[2026-09-15T11:03:11.797+0000] {processor.py:183} INFO - Processing /opt/airflow/dags/daily_report.py took 0.099 seconds
[2026-09-15T11:03:41.926+0000] {processor.py:161} INFO - Started process (PID=836) to work on /opt/airflow/dags/daily_report.py
[2026-09-15T11:03:41.927+0000] {processor.py:830} INFO - Processing file /opt/airflow/dags/daily_report.py for tasks to queue
[2026-09-15T11:03:41.928+0000] {logging_mixin.py:188} INFO - [2026-09-15T11:03:41.928+0000] {dagbag.py:545} INFO - Filling up the DagBag from /opt/airflow/dags/daily_report.py
[2026-09-15T11:03:41.945+0000] {processor.py:840} INFO - DAG(s) 'daily_report' retrieved from /opt/airflow/dags/daily_report.py
[2026-09-15T11:03:41.969+0000] {logging_mixin.py:188} INFO - [2026-09-15T11:03:41.968+0000] {dag.py:3096} INFO - Sync 1 DAGs
[2026-09-15T11:03:41.987+0000] {logging_mixin.py:188} INFO - [2026-09-15T11:03:41.987+0000] {dag.py:3954} INFO - Setting next_dagrun for daily_report to 2026-09-15 06:00:00+00:00, run_after=2026-09-16 06:00:00+00:00
[2026-09-15T11:03:42.005+0000] {processor.py:183} INFO - Processing /opt/airflow/dags/daily_report.py took 0.083 seconds
[2026-09-15T11:04:12.108+0000] {processor.py:161} INFO - Started process (PID=843) to work on /opt/airflow/dags/daily_report.py
[2026-09-15T11:04:12.109+0000] {processor.py:830} INFO - Processing file /opt/airflow/dags/daily_report.py for tasks to queue
[2026-09-15T11:04:12.110+0000] {logging_mixin.py:188} INFO - [2026-09-15T11:04:12.110+0000] {dagbag.py:545} INFO - Filling up the DagBag from /opt/airflow/dags/daily_report.py
[2026-09-15T11:04:12.130+0000] {processor.py:840} INFO - DAG(s) 'daily_report' retrieved from /opt/airflow/dags/daily_report.py
[2026-09-15T11:04:12.158+0000] {logging_mixin.py:188} INFO - [2026-09-15T11:04:12.157+0000] {dag.py:3096} INFO - Sync 1 DAGs
[2026-09-15T11:04:12.175+0000] {logging_mixin.py:188} INFO - [2026-09-15T11:04:12.174+0000] {dag.py:3954} INFO - Setting next_dagrun for daily_report to 2026-09-15 06:00:00+00:00, run_after=2026-09-16 06:00:00+00:00
[2026-09-15T11:04:12.192+0000] {processor.py:183} INFO - Processing /opt/airflow/dags/daily_report.py took 0.089 seconds
[2026-09-15T11:04:42.329+0000] {processor.py:161} INFO - Started process (PID=850) to work on /opt/airflow/dags/daily_report.py
[2026-09-15T11:04:42.331+0000] {processor.py:830} INFO - Processing file /opt/airflow/dags/daily_report.py for tasks to queue
[2026-09-15T11:04:42.332+0000] {logging_mixin.py:188} INFO - [2026-09-15T11:04:42.331+0000] {dagbag.py:545} INFO - Filling up the DagBag from /opt/airflow/dags/daily_report.py
[2026-09-15T11:04:42.349+0000] {processor.py:840} INFO - DAG(s) 'daily_report' retrieved from /opt/airflow/dags/daily_report.py
[2026-09-15T11:04:42.371+0000] {logging_mixin.py:188} INFO - [2026-09-15T11:04:42.370+0000] {dag.py:3096} INFO - Sync 1 DAGs
[2026-09-15T11:04:42.386+0000] {logging_mixin.py:188} INFO - [2026-09-15T11:04:42.386+0000] {dag.py:3954} INFO - Setting next_dagrun for daily_report to 2026-09-15 06:00:00+00:00, run_after=2026-09-16 06:00:00+00:00
[2026-09-15T11:04:42.400+0000] {processor.py:183} INFO - Processing /opt/airflow/dags/daily_report.py took 0.075 seconds
[2026-09-15T11:05:12.524+0000] {processor.py:161} INFO - Started process (PID=857) to work on /opt/airflow/dags/daily_report.py
[2026-09-15T11:05:12.525+0000] {processor.py:830} INFO - Processing file /opt/airflow/dags/daily_report.py for tasks to queue
[2026-09-15T11:05:12.526+0000] {logging_mixin.py:188} INFO - [2026-09-15T11:05:12.526+0000] {dagbag.py:545} INFO - Filling up the DagBag from /opt/airflow/dags/daily_report.py
[2026-09-15T11:05:12.547+0000] {processor.py:840} INFO - DAG(s) 'daily_report' retrieved from /opt/airflow/dags/daily_report.py
[2026-09-15T11:05:12.573+0000] {logging_mixin.py:188} INFO - [2026-09-15T11:05:12.572+0000] {dag.py:3096} INFO - Sync 1 DAGs
[2026-09-15T11:05:12.592+0000] {logging_mixin.py:188} INFO - [2026-09-15T11:05:12.592+0000] {dag.py:3954} INFO - Setting next_dagrun for daily_report to 2026-09-15 06:00:00+00:00, run_after=2026-09-16 06:00:00+00:00
[2026-09-15T11:05:12.623+0000] {processor.py:183} INFO - Processing /opt/airflow/dags/daily_report.py took 0.104 seconds
[2026-09-15T11:05:42.714+0000] {processor.py:161} INFO - Started process (PID=864) to work on /opt/airflow/dags/daily_report.py
[2026-09-15T11:05:42.715+0000] {processor.py:830} INFO - Processing file /opt/airflow/dags/daily_report.py for tasks to queue
[2026-09-15T11:05:42.716+0000] {logging_mixin.py:188} INFO - [2026-09-15T11:05:42.716+0000] {dagbag.py:545} INFO - Filling up the DagBag from /opt/airflow/dags/daily_report.py
[2026-09-15T11:05:42.732+0000] {processor.py:840} INFO - DAG(s) 'daily_report' retrieved from /opt/airflow/dags/daily_report.py
[2026-09-15T11:05:42.754+0000] {logging_mixin.py:188} INFO - [2026-09-15T11:05:42.754+0000] {dag.py:3096} INFO - Sync 1 DAGs
[2026-09-15T11:05:42.770+0000] {logging_mixin.py:188} INFO - [2026-09-15T11:05:42.770+0000] {dag.py:3954} INFO - Setting next_dagrun for daily_report to 2026-09-15 06:00:00+00:00, run_after=2026-09-16 06:00:00+00:00
[2026-09-15T11:05:42.785+0000] {processor.py:183} INFO - Processing /opt/airflow/dags/daily_report.py took 0.075 seconds
[2026-09-15T11:06:12.968+0000] {processor.py:161} INFO - Started process (PID=871) to work on /opt/airflow/dags/daily_report.py
[2026-09-15T11:06:12.969+0000] {processor.py:830} INFO - Processing file /opt/airflow/dags/daily_report.py for tasks to queue
[2026-09-15T11:06:12.970+0000] {logging_mixin.py:188} INFO - [2026-09-15T11:06:12.970+0000] {dagbag.py:545} INFO - Filling up the DagBag from /opt/airflow/dags/daily_report.py
[2026-09-15T11:06:12.986+0000] {processor.py:840} INFO - DAG(s) 'daily_report' retrieved from /opt/airflow/dags/daily_report.py
[2026-09-15T11:06:13.010+0000] {logging_mixin.py:188} INFO - [2026-09-15T11:06:13.010+0000] {dag.py:3096} INFO - Sync 1 DAGs
[2026-09-15T11:06:13.029+0000] {logging_mixin.py:188} INFO - [2026-09-15T11:06:13.029+0000] {dag.py:3954} INFO - Setting next_dagrun for daily_report to 2026-09-15 06:00:00+00:00, run_after=2026-09-16 06:00:00+00:00
[2026-09-15T11:06:13.050+0000] {processor.py:183} INFO - Processing /opt/airflow/dags/daily_report.py took 0.086 seconds
[2026-09-15T11:06:43.142+0000] {processor.py:161} INFO - Started process (PID=878) to work on /opt/airflow/dags/daily_report.py
[2026-09-15T11:06:43.143+0000] {processor.py:830} INFO - Processing file /opt/airflow/dags/daily_report.py for tasks to queue
[2026-09-15T11:06:43.144+0000] {logging_mixin.py:188} INFO - [2026-09-15T11:06:43.144+0000] {dagbag.py:545} INFO - Filling up the DagBag from /opt/airflow/dags/daily_report.py
[2026-09-15T11:06:43.165+0000] {processor.py:840} INFO - DAG(s) 'daily_report' retrieved from /opt/airflow/dags/daily_report.py
[2026-09-15T11:06:43.191+0000] {logging_mixin.py:188} INFO - [2026-09-15T11:06:43.190+0000] {dag.py:3096} INFO - Sync 1 DAGs
[2026-09-15T11:06:43.210+0000] {logging_mixin.py:188} INFO - [2026-09-15T11:06:43.209+0000] {dag.py:3954} INFO - Setting next_dagrun for daily_report to 2026-09-15 06:00:00+00:00, run_after=2026-09-16 06:00:00+00:00
[2026-09-15T11:06:43.227+0000] {processor.py:183} INFO - Processing /opt/airflow/dags/daily_report.py took 0.088 seconds
[2026-09-15T11:07:13.364+0000] {processor.py:161} INFO - Started process (PID=885) to work on /opt/airflow/dags/daily_report.py
[2026-09-15T11:07:13.365+0000] {processor.py:830} INFO - Processing file /opt/airflow/dags/daily_report.py for tasks to queue
[2026-09-15T11:07:13.366+0000] {logging_mixin.py:188} INFO - [2026-09-15T11:07:13.366+0000] {dagbag.py:545} INFO - Filling up the DagBag from /opt/airflow/dags/daily_report.py
[2026-09-15T11:07:13.382+0000] {processor.py:840} INFO - DAG(s) 'daily_report' retrieved from /opt/airflow/dags/daily_report.py
[2026-09-15T11:07:13.405+0000] {logging_mixin.py:188} INFO - [2026-09-15T11:07:13.404+0000] {dag.py:3096} INFO - Sync 1 DAGs
[2026-09-15T11:07:13.421+0000] {logging_mixin.py:188} INFO - [2026-09-15T11:07:13.421+0000] {dag.py:3954} INFO - Setting next_dagrun for daily_report to 2026-09-15 06:00:00+00:00, run_after=2026-09-16 06:00:00+00:00
[2026-09-15T11:07:13.445+0000] {processor.py:183} INFO - Processing /opt/airflow/dags/daily_report.py took 0.084 seconds
[2026-09-15T11:07:43.536+0000] {processor.py:161} INFO - Started process (PID=892) to work on /opt/airflow/dags/daily_report.py
[2026-09-15T11:07:43.537+0000] {processor.py:830} INFO - Processing file /opt/airflow/dags/daily_report.py for tasks to queue
[2026-09-15T11:07:43.538+0000] {logging_mixin.py:188} INFO - [2026-09-15T11:07:43.538+0000] {dagbag.py:545} INFO - Filling up the DagBag from /opt/airflow/dags/daily_report.py
[2026-09-15T11:07:43.555+0000] {processor.py:840} INFO - DAG(s) 'daily_report' retrieved from /opt/airflow/dags/daily_report.py
[2026-09-15T11:07:43.578+0000] {logging_mixin.py:188} INFO - [2026-09-15T11:07:43.578+0000] {dag.py:3096} INFO - Sync 1 DAGs
[2026-09-15T11:07:43.593+0000] {logging_mixin.py:188} INFO - [2026-09-15T11:07:43.593+0000] {dag.py:3954} INFO - Setting next_dagrun for daily_report to 2026-09-15 06:00:00+00:00, run_after=2026-09-16 06:00:00+00:00
[2026-09-15T11:07:43.607+0000] {processor.py:183} INFO - Processing /opt/airflow/dags/daily_report.py took 0.076 seconds
[2026-09-15T11:08:13.778+0000] {processor.py:161} INFO - Started process (PID=899) to work on /opt/airflow/dags/daily_report.py
[2026-09-15T11:08:13.780+0000] {processor.py:830} INFO - Processing file /opt/airflow/dags/daily_report.py for tasks to queue
[2026-09-15T11:08:13.782+0000] {logging_mixin.py:188} INFO - [2026-09-15T11:08:13.782+0000] {dagbag.py:545} INFO - Filling up the DagBag from /opt/airflow/dags/daily_report.py
[2026-09-15T11:08:13.810+0000] {processor.py:840} INFO - DAG(s) 'daily_report' retrieved from /opt/airflow/dags/daily_report.py
[2026-09-15T11:08:13.853+0000] {logging_mixin.py:188} INFO - [2026-09-15T11:08:13.853+0000] {dag.py:3096} INFO - Sync 1 DAGs
[2026-09-15T11:08:13.878+0000] {logging_mixin.py:188} INFO - [2026-09-15T11:08:13.877+0000] {dag.py:3954} INFO - Setting next_dagrun for daily_report to 2026-09-15 06:00:00+00:00, run_after=2026-09-16 06:00:00+00:00
[2026-09-15T11:08:13.904+0000] {processor.py:183} INFO - Processing /opt/airflow/dags/daily_report.py took 0.134 seconds
[2026-09-15T11:08:43.950+0000] {processor.py:161} INFO - Started process (PID=906) to work on /opt/airflow/dags/daily_report.py
[2026-09-15T11:08:43.952+0000] {processor.py:830} INFO - Processing file /opt/airflow/dags/daily_report.py for tasks to queue
[2026-09-15T11:08:43.953+0000] {logging_mixin.py:188} INFO - [2026-09-15T11:08:43.953+0000] {dagbag.py:545} INFO - Filling up the DagBag from /opt/airflow/dags/daily_report.py
[2026-09-15T11:08:43.973+0000] {processor.py:840} INFO - DAG(s) 'daily_report' retrieved from /opt/airflow/dags/daily_report.py
[2026-09-15T11:08:44.000+0000] {logging_mixin.py:188} INFO - [2026-09-15T11:08:44.000+0000] {dag.py:3096} INFO - Sync 1 DAGs
[2026-09-15T11:08:44.017+0000] {logging_mixin.py:188} INFO - [2026-09-15T11:08:44.017+0000] {dag.py:3954} INFO - Setting next_dagrun for daily_report to 2026-09-15 06:00:00+00:00, run_after=2026-09-16 06:00:00+00:00
[2026-09-15T11:08:44.032+0000] {processor.py:183} INFO - Processing /opt/airflow/dags/daily_report.py took 0.087 seconds
[2026-09-15T11:09:14.111+0000] {processor.py:161} INFO - Started process (PID=913) to work on /opt/airflow/dags/daily_report.py
[2026-09-15T11:09:14.112+0000] {processor.py:830} INFO - Processing file /opt/airflow/dags/daily_report.py for tasks to queue
[2026-09-15T11:09:14.114+0000] {logging_mixin.py:188} INFO - [2026-09-15T11:09:14.113+0000] {dagbag.py:545} INFO - Filling up the DagBag from /opt/airflow/dags/daily_report.py
[2026-09-15T11:09:14.130+0000] {processor.py:840} INFO - DAG(s) 'daily_report' retrieved from /opt/airflow/dags/daily_report.py
[2026-09-15T11:09:14.153+0000] {logging_mixin.py:188} INFO - [2026-09-15T11:09:14.153+0000] {dag.py:3096} INFO - Sync 1 DAGs
[2026-09-15T11:09:14.169+0000] {logging_mixin.py:188} INFO - [2026-09-15T11:09:14.169+0000] {dag.py:3954} INFO - Setting next_dagrun for daily_report to 2026-09-15 06:00:00+00:00, run_after=2026-09-16 06:00:00+00:00
[2026-09-15T11:09:14.184+0000] {processor.py:183} INFO - Processing /opt/airflow/dags/daily_report.py took 0.077 seconds
[2026-09-15T11:09:44.352+0000] {processor.py:161} INFO - Started process (PID=920) to work on /opt/airflow/dags/daily_report.py
[2026-09-15T11:09:44.353+0000] {processor.py:830} INFO - Processing file /opt/airflow/dags/daily_report.py for tasks to queue
[2026-09-15T11:09:44.354+0000] {logging_mixin.py:188} INFO - [2026-09-15T11:09:44.353+0000] {dagbag.py:545} INFO - Filling up the DagBag from /opt/airflow/dags/daily_report.py
[2026-09-15T11:09:44.370+0000] {processor.py:840} INFO - DAG(s) 'daily_report' retrieved from /opt/airflow/dags/daily_report.py
[2026-09-15T11:09:44.394+0000] {logging_mixin.py:188} INFO - [2026-09-15T11:09:44.394+0000] {dag.py:3096} INFO - Sync 1 DAGs
[2026-09-15T11:09:44.410+0000] {logging_mixin.py:188} INFO - [2026-09-15T11:09:44.409+0000] {dag.py:3954} INFO - Setting next_dagrun for daily_report to 2026-09-15 06:00:00+00:00, run_after=2026-09-16 06:00:00+00:00
[2026-09-15T11:09:44.425+0000] {processor.py:183} INFO - Processing /opt/airflow/dags/daily_report.py took 0.077 seconds
[2026-09-15T11:10:14.520+0000] {processor.py:161} INFO - Started process (PID=927) to work on /opt/airflow/dags/daily_report.py
[2026-09-15T11:10:14.521+0000] {processor.py:830} INFO - Processing file /opt/airflow/dags/daily_report.py for tasks to queue
[2026-09-15T11:10:14.522+0000] {logging_mixin.py:188} INFO - [2026-09-15T11:10:14.522+0000] {dagbag.py:545} INFO - Filling up the DagBag from /opt/airflow/dags/daily_report.py
[2026-09-15T11:10:14.537+0000] {processor.py:840} INFO - DAG(s) 'daily_report' retrieved from /opt/airflow/dags/daily_report.py
[2026-09-15T11:10:14.560+0000] {logging_mixin.py:188} INFO - [2026-09-15T11:10:14.560+0000] {dag.py:3096} INFO - Sync 1 DAGs
[2026-09-15T11:10:14.578+0000] {logging_mixin.py:188} INFO - [2026-09-15T11:10:14.578+0000] {dag.py:3954} INFO - Setting next_dagrun for daily_report to 2026-09-15 06:00:00+00:00, run_after=2026-09-16 06:00:00+00:00
[2026-09-15T11:10:14.593+0000] {processor.py:183} INFO - Processing /opt/airflow/dags/daily_report.py took 0.077 seconds
[2026-09-15T11:10:44.748+0000] {processor.py:161} INFO - Started process (PID=934) to work on /opt/airflow/dags/daily_report.py
[2026-09-15T11:10:44.750+0000] {processor.py:830} INFO - Processing file /opt/airflow/dags/daily_report.py for tasks to queue
[2026-09-15T11:10:44.751+0000] {logging_mixin.py:188} INFO - [2026-09-15T11:10:44.751+0000] {dagbag.py:545} INFO - Filling up the DagBag from /opt/airflow/dags/daily_report.py
[2026-09-15T11:10:44.768+0000] {processor.py:840} INFO - DAG(s) 'daily_report' retrieved from /opt/airflow/dags/daily_report.py
[2026-09-15T11:10:44.797+0000] {logging_mixin.py:188} INFO - [2026-09-15T11:10:44.797+0000] {dag.py:3096} INFO - Sync 1 DAGs
[2026-09-15T11:10:44.814+0000] {logging_mixin.py:188} INFO - [2026-09-15T11:10:44.814+0000] {dag.py:3954} INFO - Setting next_dagrun for daily_report to 2026-09-15 06:00:00+00:00, run_after=2026-09-16 06:00:00+00:00
[2026-09-15T11:10:44.829+0000] {processor.py:183} INFO - Processing /opt/airflow/dags/daily_report.py took 0.087 seconds
[2026-09-15T11:11:14.921+0000] {processor.py:161} INFO - Started process (PID=941) to work on /opt/airflow/dags/daily_report.py
[2026-09-15T11:11:14.923+0000] {processor.py:830} INFO - Processing file /opt/airflow/dags/daily_report.py for tasks to queue
[2026-09-15T11:11:14.925+0000] {logging_mixin.py:188} INFO - [2026-09-15T11:11:14.925+0000] {dagbag.py:545} INFO - Filling up the DagBag from /opt/airflow/dags/daily_report.py
[2026-09-15T11:11:14.945+0000] {processor.py:840} INFO - DAG(s) 'daily_report' retrieved from /opt/airflow/dags/daily_report.py
[2026-09-15T11:11:14.972+0000] {logging_mixin.py:188} INFO - [2026-09-15T11:11:14.972+0000] {dag.py:3096} INFO - Sync 1 DAGs
[2026-09-15T11:11:14.989+0000] {logging_mixin.py:188} INFO - [2026-09-15T11:11:14.989+0000] {dag.py:3954} INFO - Setting next_dagrun for daily_report to 2026-09-15 06:00:00+00:00, run_after=2026-09-16 06:00:00+00:00
[2026-09-15T11:11:15.007+0000] {processor.py:183} INFO - Processing /opt/airflow/dags/daily_report.py took 0.092 seconds
[2026-09-15T11:11:45.187+0000] {processor.py:161} INFO - Started process (PID=948) to work on /opt/airflow/dags/daily_report.py
[2026-09-15T11:11:45.188+0000] {processor.py:830} INFO - Processing file /opt/airflow/dags/daily_report.py for tasks to queue
[2026-09-15T11:11:45.189+0000] {logging_mixin.py:188} INFO - [2026-09-15T11:11:45.189+0000] {dagbag.py:545} INFO - Filling up the DagBag from /opt/airflow/dags/daily_report.py
[2026-09-15T11:11:45.205+0000] {processor.py:840} INFO - DAG(s) 'daily_report' retrieved from /opt/airflow/dags/daily_report.py
[2026-09-15T11:11:45.227+0000] {logging_mixin.py:188} INFO - [2026-09-15T11:11:45.227+0000] {dag.py:3096} INFO - Sync 1 DAGs
[2026-09-15T11:11:45.244+0000] {logging_mixin.py:188} INFO - [2026-09-15T11:11:45.244+0000] {dag.py:3954} INFO - Setting next_dagrun for daily_report to 2026-09-15 06:00:00+00:00, run_after=2026-09-16 06:00:00+00:00
[2026-09-15T11:11:45.260+0000] {processor.py:183} INFO - Processing /opt/airflow/dags/daily_report.py took 0.076 seconds
[2026-09-15T11:12:15.357+0000] {processor.py:161} INFO - Started process (PID=955) to work on /opt/airflow/dags/daily_report.py
[2026-09-15T11:12:15.358+0000] {processor.py:830} INFO - Processing file /opt/airflow/dags/daily_report.py for tasks to queue
[2026-09-15T11:12:15.359+0000] {logging_mixin.py:188} INFO - [2026-09-15T11:12:15.359+0000] {dagbag.py:545} INFO - Filling up the DagBag from /opt/airflow/dags/daily_report.py
[2026-09-15T11:12:15.377+0000] {processor.py:840} INFO - DAG(s) 'daily_report' retrieved from /opt/airflow/dags/daily_report.py
[2026-09-15T11:12:15.402+0000] {logging_mixin.py:188} INFO - [2026-09-15T11:12:15.401+0000] {dag.py:3096} INFO - Sync 1 DAGs
[2026-09-15T11:12:15.418+0000] {logging_mixin.py:188} INFO - [2026-09-15T11:12:15.418+0000] {dag.py:3954} INFO - Setting next_dagrun for daily_report to 2026-09-15 06:00:00+00:00, run_after=2026-09-16 06:00:00+00:00
[2026-09-15T11:12:15.435+0000] {processor.py:183} INFO - Processing /opt/airflow/dags/daily_report.py took 0.083 seconds
[2026-09-15T11:12:45.590+0000] {processor.py:161} INFO - Started process (PID=962) to work on /opt/airflow/dags/daily_report.py
[2026-09-15T11:12:45.591+0000] {processor.py:830} INFO - Processing file /opt/airflow/dags/daily_report.py for tasks to queue
[2026-09-15T11:12:45.592+0000] {logging_mixin.py:188} INFO - [2026-09-15T11:12:45.592+0000] {dagbag.py:545} INFO - Filling up the DagBag from /opt/airflow/dags/daily_report.py
[2026-09-15T11:12:45.611+0000] {processor.py:840} INFO - DAG(s) 'daily_report' retrieved from /opt/airflow/dags/daily_report.py
[2026-09-15T11:12:45.636+0000] {logging_mixin.py:188} INFO - [2026-09-15T11:12:45.636+0000] {dag.py:3096} INFO - Sync 1 DAGs
[2026-09-15T11:12:45.657+0000] {logging_mixin.py:188} INFO - [2026-09-15T11:12:45.656+0000] {dag.py:3954} INFO - Setting next_dagrun for daily_report to 2026-09-15 06:00:00+00:00, run_after=2026-09-16 06:00:00+00:00
[2026-09-15T11:12:45.674+0000] {processor.py:183} INFO - Processing /opt/airflow/dags/daily_report.py took 0.088 seconds
[2026-09-15T11:13:11.753+0000] {processor.py:161} INFO - Started process (PID=969) to work on /opt/airflow/dags/daily_report.py
[2026-09-15T11:13:11.755+0000] {processor.py:830} INFO - Processing file /opt/airflow/dags/daily_report.py for tasks to queue
[2026-09-15T11:13:11.756+0000] {logging_mixin.py:188} INFO - [2026-09-15T11:13:11.756+0000] {dagbag.py:545} INFO - Filling up the DagBag from /opt/airflow/dags/daily_report.py
[2026-09-15T11:13:11.787+0000] {processor.py:840} INFO - DAG(s) 'daily_report' retrieved from /opt/airflow/dags/daily_report.py
[2026-09-15T11:13:11.817+0000] {logging_mixin.py:188} INFO - [2026-09-15T11:13:11.817+0000] {dag.py:3096} INFO - Sync 1 DAGs
[2026-09-15T11:13:11.837+0000] {logging_mixin.py:188} INFO - [2026-09-15T11:13:11.836+0000] {dag.py:3954} INFO - Setting next_dagrun for daily_report to 2026-09-15 06:00:00+00:00, run_after=2026-09-16 06:00:00+00:00
[2026-09-15T11:13:11.859+0000] {processor.py:183} INFO - Processing /opt/airflow/dags/daily_report.py took 0.113 seconds
[2026-09-15T11:13:41.978+0000] {processor.py:161} INFO - Started process (PID=976) to work on /opt/airflow/dags/daily_report.py
[2026-09-15T11:13:41.979+0000] {processor.py:830} INFO - Processing file /opt/airflow/dags/daily_report.py for tasks to queue
[2026-09-15T11:13:41.980+0000] {logging_mixin.py:188} INFO - [2026-09-15T11:13:41.980+0000] {dagbag.py:545} INFO - Filling up the DagBag from /opt/airflow/dags/daily_report.py
[2026-09-15T11:13:41.997+0000] {processor.py:840} INFO - DAG(s) 'daily_report' retrieved from /opt/airflow/dags/daily_report.py
[2026-09-15T11:13:42.025+0000] {logging_mixin.py:188} INFO - [2026-09-15T11:13:42.025+0000] {dag.py:3096} INFO - Sync 1 DAGs
[2026-09-15T11:13:42.042+0000] {logging_mixin.py:188} INFO - [2026-09-15T11:13:42.042+0000] {dag.py:3954} INFO - Setting next_dagrun for daily_report to 2026-09-15 06:00:00+00:00, run_after=2026-09-16 06:00:00+00:00
[2026-09-15T11:13:42.063+0000] {processor.py:183} INFO - Processing /opt/airflow/dags/daily_report.py took 0.091 seconds
[2026-09-15T11:14:12.195+0000] {processor.py:161} INFO - Started process (PID=983) to work on /opt/airflow/dags/daily_report.py
[2026-09-15T11:14:12.197+0000] {processor.py:830} INFO - Processing file /opt/airflow/dags/daily_report.py for tasks to queue
[2026-09-15T11:14:12.199+0000] {logging_mixin.py:188} INFO - [2026-09-15T11:14:12.198+0000] {dagbag.py:545} INFO - Filling up the DagBag from /opt/airflow/dags/daily_report.py
[2026-09-15T11:14:12.219+0000] {processor.py:840} INFO - DAG(s) 'daily_report' retrieved from /opt/airflow/dags/daily_report.py
[2026-09-15T11:14:12.246+0000] {logging_mixin.py:188} INFO - [2026-09-15T11:14:12.245+0000] {dag.py:3096} INFO - Sync 1 DAGs
[2026-09-15T11:14:12.264+0000] {logging_mixin.py:188} INFO - [2026-09-15T11:14:12.264+0000] {dag.py:3954} INFO - Setting next_dagrun for daily_report to 2026-09-15 06:00:00+00:00, run_after=2026-09-16 06:00:00+00:00
[2026-09-15T11:14:12.285+0000] {processor.py:183} INFO - Processing /opt/airflow/dags/daily_report.py took 0.095 seconds
[2026-09-15T11:14:42.412+0000] {processor.py:161} INFO - Started process (PID=990) to work on /opt/airflow/dags/daily_report.py
[2026-09-15T11:14:42.413+0000] {processor.py:830} INFO - Processing file /opt/airflow/dags/daily_report.py for tasks to queue
[2026-09-15T11:14:42.415+0000] {logging_mixin.py:188} INFO - [2026-09-15T11:14:42.415+0000] {dagbag.py:545} INFO - Filling up the DagBag from /opt/airflow/dags/daily_report.py
[2026-09-15T11:14:42.436+0000] {processor.py:840} INFO - DAG(s) 'daily_report' retrieved from /opt/airflow/dags/daily_report.py
[2026-09-15T11:14:42.467+0000] {logging_mixin.py:188} INFO - [2026-09-15T11:14:42.467+0000] {dag.py:3096} INFO - Sync 1 DAGs
[2026-09-15T11:14:42.491+0000] {logging_mixin.py:188} INFO - [2026-09-15T11:14:42.490+0000] {dag.py:3954} INFO - Setting next_dagrun for daily_report to 2026-09-15 06:00:00+00:00, run_after=2026-09-16 06:00:00+00:00
[2026-09-15T11:14:42.518+0000] {processor.py:183} INFO - Processing /opt/airflow/dags/daily_report.py took 0.110 seconds
[2026-09-15T11:15:12.620+0000] {processor.py:161} INFO - Started process (PID=997) to work on /opt/airflow/dags/daily_report.py
[2026-09-15T11:15:12.621+0000] {processor.py:830} INFO - Processing file /opt/airflow/dags/daily_report.py for tasks to queue
[2026-09-15T11:15:12.623+0000] {logging_mixin.py:188} INFO - [2026-09-15T11:15:12.622+0000] {dagbag.py:545} INFO - Filling up the DagBag from /opt/airflow/dags/daily_report.py
[2026-09-15T11:15:12.639+0000] {processor.py:840} INFO - DAG(s) 'daily_report' retrieved from /opt/airflow/dags/daily_report.py
[2026-09-15T11:15:12.667+0000] {logging_mixin.py:188} INFO - [2026-09-15T11:15:12.667+0000] {dag.py:3096} INFO - Sync 1 DAGs
[2026-09-15T11:15:12.687+0000] {logging_mixin.py:188} INFO - [2026-09-15T11:15:12.687+0000] {dag.py:3954} INFO - Setting next_dagrun for daily_report to 2026-09-15 06:00:00+00:00, run_after=2026-09-16 06:00:00+00:00
[2026-09-15T11:15:12.712+0000] {processor.py:183} INFO - Processing /opt/airflow/dags/daily_report.py took 0.098 seconds
[2026-09-15T11:15:42.868+0000] {processor.py:161} INFO - Started process (PID=1004) to work on /opt/airflow/dags/daily_report.py
[2026-09-15T11:15:42.870+0000] {processor.py:830} INFO - Processing file /opt/airflow/dags/daily_report.py for tasks to queue
[2026-09-15T11:15:42.872+0000] {logging_mixin.py:188} INFO - [2026-09-15T11:15:42.871+0000] {dagbag.py:545} INFO - Filling up the DagBag from /opt/airflow/dags/daily_report.py
[2026-09-15T11:15:42.894+0000] {processor.py:840} INFO - DAG(s) 'daily_report' retrieved from /opt/airflow/dags/daily_report.py
[2026-09-15T11:15:42.925+0000] {logging_mixin.py:188} INFO - [2026-09-15T11:15:42.925+0000] {dag.py:3096} INFO - Sync 1 DAGs
[2026-09-15T11:15:42.947+0000] {logging_mixin.py:188} INFO - [2026-09-15T11:15:42.947+0000] {dag.py:3954} INFO - Setting next_dagrun for daily_report to 2026-09-15 06:00:00+00:00, run_after=2026-09-16 06:00:00+00:00
[2026-09-15T11:15:42.966+0000] {processor.py:183} INFO - Processing /opt/airflow/dags/daily_report.py took 0.105 seconds
[2026-09-15T11:16:13.088+0000] {processor.py:161} INFO - Started process (PID=1011) to work on /opt/airflow/dags/daily_report.py
[2026-09-15T11:16:13.089+0000] {processor.py:830} INFO - Processing file /opt/airflow/dags/daily_report.py for tasks to queue
[2026-09-15T11:16:13.091+0000] {logging_mixin.py:188} INFO - [2026-09-15T11:16:13.091+0000] {dagbag.py:545} INFO - Filling up the DagBag from /opt/airflow/dags/daily_report.py
[2026-09-15T11:16:13.113+0000] {processor.py:840} INFO - DAG(s) 'daily_report' retrieved from /opt/airflow/dags/daily_report.py
[2026-09-15T11:16:13.142+0000] {logging_mixin.py:188} INFO - [2026-09-15T11:16:13.141+0000] {dag.py:3096} INFO - Sync 1 DAGs
[2026-09-15T11:16:13.162+0000] {logging_mixin.py:188} INFO - [2026-09-15T11:16:13.161+0000] {dag.py:3954} INFO - Setting next_dagrun for daily_report to 2026-09-15 06:00:00+00:00, run_after=2026-09-16 06:00:00+00:00
[2026-09-15T11:16:13.181+0000] {processor.py:183} INFO - Processing /opt/airflow/dags/daily_report.py took 0.099 seconds
[2026-09-15T11:16:43.306+0000] {processor.py:161} INFO - Started process (PID=1018) to work on /opt/airflow/dags/daily_report.py
[2026-09-15T11:16:43.307+0000] {processor.py:830} INFO - Processing file /opt/airflow/dags/daily_report.py for tasks to queue
[2026-09-15T11:16:43.308+0000] {logging_mixin.py:188} INFO - [2026-09-15T11:16:43.308+0000] {dagbag.py:545} INFO - Filling up the DagBag from /opt/airflow/dags/daily_report.py
[2026-09-15T11:16:43.326+0000] {processor.py:840} INFO - DAG(s) 'daily_report' retrieved from /opt/airflow/dags/daily_report.py
[2026-09-15T11:16:43.354+0000] {logging_mixin.py:188} INFO - [2026-09-15T11:16:43.353+0000] {dag.py:3096} INFO - Sync 1 DAGs
[2026-09-15T11:16:43.375+0000] {logging_mixin.py:188} INFO - [2026-09-15T11:16:43.374+0000] {dag.py:3954} INFO - Setting next_dagrun for daily_report to 2026-09-15 06:00:00+00:00, run_after=2026-09-16 06:00:00+00:00
[2026-09-15T11:16:43.395+0000] {processor.py:183} INFO - Processing /opt/airflow/dags/daily_report.py took 0.093 seconds
[2026-09-15T11:17:13.516+0000] {processor.py:161} INFO - Started process (PID=1025) to work on /opt/airflow/dags/daily_report.py
[2026-09-15T11:17:13.517+0000] {processor.py:830} INFO - Processing file /opt/airflow/dags/daily_report.py for tasks to queue
[2026-09-15T11:17:13.519+0000] {logging_mixin.py:188} INFO - [2026-09-15T11:17:13.519+0000] {dagbag.py:545} INFO - Filling up the DagBag from /opt/airflow/dags/daily_report.py
[2026-09-15T11:17:13.538+0000] {processor.py:840} INFO - DAG(s) 'daily_report' retrieved from /opt/airflow/dags/daily_report.py
[2026-09-15T11:17:13.566+0000] {logging_mixin.py:188} INFO - [2026-09-15T11:17:13.566+0000] {dag.py:3096} INFO - Sync 1 DAGs
[2026-09-15T11:17:13.585+0000] {logging_mixin.py:188} INFO - [2026-09-15T11:17:13.585+0000] {dag.py:3954} INFO - Setting next_dagrun for daily_report to 2026-09-15 06:00:00+00:00, run_after=2026-09-16 06:00:00+00:00
[2026-09-15T11:17:13.604+0000] {processor.py:183} INFO - Processing /opt/airflow/dags/daily_report.py took 0.094 seconds
[2026-09-15T11:17:43.725+0000] {processor.py:161} INFO - Started process (PID=1032) to work on /opt/airflow/dags/daily_report.py
[2026-09-15T11:17:43.726+0000] {processor.py:830} INFO - Processing file /opt/airflow/dags/daily_report.py for tasks to queue
[2026-09-15T11:17:43.728+0000] {logging_mixin.py:188} INFO - [2026-09-15T11:17:43.727+0000] {dagbag.py:545} INFO - Filling up the DagBag from /opt/airflow/dags/daily_report.py
[2026-09-15T11:17:43.746+0000] {processor.py:840} INFO - DAG(s) 'daily_report' retrieved from /opt/airflow/dags/daily_report.py
[2026-09-15T11:17:43.774+0000] {logging_mixin.py:188} INFO - [2026-09-15T11:17:43.774+0000] {dag.py:3096} INFO - Sync 1 DAGs
[2026-09-15T11:17:43.792+0000] {logging_mixin.py:188} INFO - [2026-09-15T11:17:43.791+0000] {dag.py:3954} INFO - Setting next_dagrun for daily_report to 2026-09-15 06:00:00+00:00, run_after=2026-09-16 06:00:00+00:00
[2026-09-15T11:17:43.817+0000] {processor.py:183} INFO - Processing /opt/airflow/dags/daily_report.py took 0.097 seconds
